"idLinea","subtotal","cantidad","idVenta","idProducto"
"1","15","5","10248","427"
"2","72","10","10248","720"
"3","262","12","10248","824"
"4","679","9","10249","195"
"5","3060","40","10249","863"
"6","476","15","10250","154"
"7","1708","10","10250","470"
"8","15585","35","10250","514"
"9","1310","20","10251","104"
"10","326","6","10251","135"
"11","74","15","10251","461"
"12","880","40","10252","658"
"13","124","40","10252","776"
"14","1007","25","10252","819"
"15","168","42","10253","60"
"16","2808","40","10253","616"
"17","221","20","10253","724"
"18","302","15","10254","3"
"19","397","21","10254","177"
"20","1637","21","10254","882"
"21","366","20","10255","206"
"22","8001","35","10255","333"
"23","80","30","10255","376"
"24","1525","25","10255","781"
"25","298","15","10256","561"
"26","1318","12","10256","861"
"27","421","6","10257","299"
"28","15","25","10257","318"
"29","95","15","10257","631"
"30","22","6","10258","394"
"31","365","65","10258","773"
"32","6050","50","10258","881"
"33","939","1","10259","518"
"34","122","10","10259","667"
"35","556","15","10260","269"
"36","1659","16","10260","621"
"37","461","50","10260","638"
"38","176","21","10260","834"
"39","774","20","10261","313"
"40","440","20","10261","322"
"41","498","12","10262","101"
"42","1014","15","10262","123"
"43","4706","2","10262","488"
"44","499","36","10263","64"
"45","12150","60","10263","117"
"46","4190","60","10263","353"
"47","2064","28","10263","459"
"48","3447","25","10264","182"
"49","45","35","10264","826"
"50","384","20","10265","393"
"51","228","30","10265","608"
"52","174","12","10266","449"
"53","9737","70","10267","160"
"54","915","50","10267","577"
"55","1222","15","10267","884"
"56","6222","10","10268","536"
"57","68","4","10268","788"
"58","218","20","10269","214"
"59","329","60","10269","744"
"60","1864","25","10270","15"
"61","3381","30","10270","86"
"62","4303","24","10271","107"
"63","2928","40","10272","268"
"64","1295","6","10272","344"
"65","1354","24","10272","620"
"66","7","33","10273","48"
"67","4866","60","10273","75"
"68","319","15","10273","308"
"69","235","24","10273","331"
"70","2684","20","10273","442"
"71","982","7","10274","697"
"72","1024","20","10274","801"
"73","119","6","10275","561"
"74","179","12","10275","713"
"75","558","10","10276","216"
"76","56","15","10276","878"
"77","1830","12","10277","222"
"78","290","20","10277","680"
"79","146","16","10278","179"
"80","960","25","10278","290"
"81","39","8","10278","426"
"82","1006","15","10278","619"
"83","1407","15","10279","865"
"84","786","12","10280","70"
"85","1008","30","10280","244"
"86","220","20","10280","602"
"87","329","6","10281","171"
"88","31","1","10281","587"
"89","9","4","10281","767"
"90","73","6","10282","418"
"91","20","2","10282","741"
"92","326","20","10283","37"
"93","2335","18","10283","119"
"94","170","3","10283","292"
"95","605","35","10283","887"
"96","24","20","10284","339"
"97","11571","15","10284","524"
"98","46","5","10284","638"
"99","130","21","10284","827"
"100","1368","40","10285","143"
"101","60476","36","10285","504"
"102","139","45","10285","752"
"103","1503","100","10286","296"
"104","2440","40","10286","779"
"105","446","15","10287","200"
"106","548","20","10287","369"
"107","620","40","10287","847"
"108","146","10","10288","283"
"109","32","3","10288","712"
"110","5715","30","10289","126"
"111","457","9","10289","409"
"112","46","15","10290","49"
"113","1391","10","10290","118"
"114","844","15","10290","223"
"115","288","20","10290","264"
"116","32","2","10291","21"
"117","4526","24","10291","116"
"118","722","20","10291","831"
"119","1638","20","10292","91"
"120","214","5","10293","144"
"121","793","10","10293","348"
"122","8052","12","10293","512"
"123","362","6","10293","531"
"124","4325","18","10294","167"
"125","160","15","10294","380"
"126","271","6","10294","665"
"127","230","15","10294","772"
"128","784","21","10294","795"
"129","489","4","10295","112"
"130","3891","30","10296","119"
"131","180","15","10296","575"
"132","55","12","10296","841"
"133","5368","20","10297","100"
"134","1026","60","10297","788"
"135","2536","40","10298","41"
"136","531","30","10298","284"
"137","368","40","10298","401"
"138","10980","15","10298","533"
"139","24","20","10299","340"
"140","607","15","10299","622"
"141","1586","20","10300","113"
"142","4119","30","10300","282"
"143","214","20","10301","380"
"144","17","10","10301","846"
"145","498","12","10302","101"
"146","376","28","10302","320"
"147","732","40","10302","888"
"148","2268","15","10303","243"
"149","2768","40","10303","439"
"150","354","30","10303","839"
"151","549","30","10304","271"
"152","122","10","10304","842"
"153","27","2","10304","880"
"154","1885","25","10305","195"
"155","1677","25","10305","619"
"156","1536","30","10305","801"
"157","85","10","10306","32"
"158","87","10","10306","879"
"159","28","5","10306","896"
"160","194","3","10307","79"
"161","573","10","10307","430"
"162","40","1","10308","152"
"163","13","5","10308","894"
"164","114","20","10309","166"
"165","61","2","10309","279"
"166","100","20","10309","457"
"167","171","30","10309","607"
"168","220","3","10309","733"
"169","220","10","10310","199"
"170","20","5","10310","892"
"171","239","7","10311","203"
"172","176","6","10311","669"
"173","33598","20","10312","504"
"174","74","24","10312","564"
"175","95","10","10312","571"
"176","264","4","10312","871"
"177","161","12","10313","320"
"178","780","40","10314","589"
"179","735","25","10314","706"
"180","558","30","10314","844"
"181","642","30","10315","183"
"182","451","14","10315","229"
"183","13664","70","10316","522"
"184","98","10","10316","728"
"185","806","20","10317","819"
"186","319","6","10318","574"
"187","156","20","10318","578"
"188","293","30","10319","24"
"189","223","8","10319","205"
"190","43","14","10319","352"
"191","1737","30","10320","757"
"192","33","10","10321","341"
"193","2225","20","10322","672"
"194","244","5","10323","57"
"195","219","4","10323","215"
"196","1586","4","10323","485"
"197","11416","80","10324","238"
"198","1344","40","10324","244"
"199","48","21","10324","371"
"200","13908","30","10324","484"
"201","39025","70","10324","540"
"202","1175","6","10325","72"
"203","732","40","10325","336"
"204","96","12","10325","399"
"205","198","4","10325","630"
"206","110","9","10325","736"
"207","714","16","10326","743"
"208","2904","24","10326","881"
"209","1340","50","10326","900"
"210","630","35","10327","38"
"211","6115","50","10327","112"
"212","2975","25","10327","387"
"213","66","30","10327","767"
"214","293","10","10328","226"
"215","1208","9","10328","769"
"216","620","40","10328","847"
"217","528","20","10329","34"
"218","815","8","10329","232"
"219","56","12","10329","392"
"220","98","10","10329","438"
"221","3675","25","10330","69"
"222","7320","50","10330","699"
"223","1690","15","10331","86"
"224","2419","16","10332","243"
"225","371","10","10332","269"
"226","100576","40","10332","473"
"227","177","10","10333","284"
"228","387","10","10333","313"
"229","988","40","10333","469"
"230","351","8","10334","174"
"231","195","10","10334","191"
"232","1070","7","10335","347"
"233","60010","48","10335","521"
"234","280","25","10335","626"
"235","3022","6","10335","852"
"236","1208","18","10336","181"
"237","18300","25","10337","533"
"238","187","24","10337","768"
"239","1128","28","10337","819"
"240","4860","40","10337","843"
"241","196","20","10337","868"
"242","418","20","10338","27"
"243","528","15","10338","573"
"244","416","10","10339","74"
"245","350","70","10339","609"
"246","1086","28","10339","799"
"247","107","40","10340","376"
"248","102","12","10340","640"
"249","10126","20","10340","832"
"250","1659","8","10341","435"
"251","406","9","10341","665"
"252","82","24","10342","25"
"253","1664","40","10342","74"
"254","264","40","10342","338"
"255","1596","56","10342","651"
"256","302","4","10343","195"
"257","1415","50","10343","355"
"258","127","15","10343","552"
"259","2135","70","10344","2"
"260","178","35","10344","579"
"261","294","70","10345","406"
"262","5369","9","10345","480"
"263","44600","80","10345","540"
"264","1012","36","10346","96"
"265","486","20","10346","447"
"266","10","6","10347","43"
"267","51","10","10347","576"
"268","46","4","10347","687"
"269","245","50","10347","789"
"270","1760","25","10348","280"
"271","439","15","10348","669"
"272","122","24","10349","579"
"273","22","18","10350","209"
"274","765","15","10350","691"
"275","4019","77","10351","190"
"276","2286","10","10351","333"
"277","645","13","10351","630"
"278","110","20","10351","744"
"279","112","20","10352","604"
"280","224","10","10352","649"
"281","1830","12","10353","222"
"282","734","50","10353","278"
"283","146","4","10354","71"
"284","15","12","10354","748"
"285","855","25","10355","140"
"286","108","25","10355","745"
"287","3353","12","10356","235"
"288","267","30","10356","385"
"289","34","20","10356","846"
"290","1206","16","10357","195"
"291","255","30","10357","285"
"292","590","8","10357","459"
"293","372","10","10358","560"
"294","145","10","10358","680"
"295","220","20","10358","686"
"296","1168","80","10359","246"
"297","409","56","10359","790"
"298","1537","70","10359","870"
"299","1701","35","10360","310"
"300","7","30","10360","342"
"301","390","10","10360","629"
"302","154","28","10360","693"
"303","143","35","10360","722"
"304","1058","55","10361","256"
"305","2743","54","10361","409"
"306","730","50","10362","59"
"307","1435","24","10362","684"
"308","372","20","10362","844"
"309","74","12","10363","396"
"310","512","20","10363","586"
"311","234","12","10363","589"
"312","875","30","10364","372"
"313","11","5","10364","558"
"314","14054","24","10365","857"
"315","219","5","10366","55"
"316","91","5","10366","671"
"317","1004","18","10367","216"
"318","3902","7","10367","540"
"319","140","15","10367","600"
"320","263","36","10367","823"
"321","626","35","10368","263"
"322","1189","5","10368","493"
"323","1774","13","10368","800"
"324","640","25","10368","845"
"325","351","18","10369","565"
"326","328","20","10369","641"
"327","549","30","10370","300"
"328","14091","15","10370","518"
"329","114","20","10370","607"
"330","230","6","10371","290"
"331","2041","70","10372","372"
"332","732","40","10372","577"
"333","6149","42","10372","612"
"334","248","12","10372","654"
"335","2489","80","10373","794"
"336","15860","50","10373","856"
"337","970","15","10374","146"
"338","1977","30","10374","871"
"339","1708","10","10375","129"
"340","124","15","10375","718"
"341","2083","42","10376","630"
"342","952","20","10377","82"
"343","308","20","10377","710"
"344","59","6","10378","331"
"345","186","8","10379","7"
"346","59","16","10379","597"
"347","24","20","10379","784"
"348","6832","20","10380","80"
"349","1474","18","10380","91"
"350","435","30","10380","449"
"351","242","6","10380","889"
"352","906","14","10381","146"
"353","2166","60","10382","44"
"354","1366","32","10382","170"
"355","131","9","10382","413"
"356","550","50","10382","602"
"357","854","14","10382","781"
"358","2562","15","10383","129"
"359","188","20","10383","606"
"360","268","20","10383","709"
"361","1897","15","10384","307"
"362","1845","28","10384","871"
"363","44","10","10385","46"
"364","2940","20","10385","69"
"365","74","8","10385","601"
"366","95","15","10386","252"
"367","202","10","10386","811"
"368","243","6","10387","368"
"369","55","15","10387","431"
"370","7320","12","10387","498"
"371","970","15","10387","897"
"372","1684","20","10388","111"
"373","1172","40","10388","669"
"374","516","15","10388","683"
"375","246","16","10389","262"
"376","849","30","10389","355"
"377","2684","20","10389","442"
"378","9333","15","10389","536"
"379","170","24","10390","464"
"380","176264","40","10390","519"
"381","1206","45","10390","662"
"382","60","60","10390","876"
"383","30744","18","10391","500"
"384","9430","50","10392","116"
"385","2512","42","10393","684"
"386","1043","25","10393","688"
"387","393","70","10393","773"
"388","13","7","10393","798"
"389","1181","32","10393","849"
"390","2","10","10394","48"
"391","1391","10","10394","118"
"392","439","8","10395","162"
"393","104","28","10395","210"
"394","42700","70","10395","543"
"395","1764","60","10396","706"
"396","256","21","10396","714"
"397","22704","40","10396","797"
"398","671","10","10397","812"
"399","2187","18","10397","843"
"400","8112","120","10398","123"
"401","147","30","10398","792"
"402","294","60","10399","31"
"403","119","14","10399","730"
"404","261","30","10399","879"
"405","665","35","10399","890"
"406","200","21","10400","176"
"407","234","35","10400","258"
"408","150","30","10400","455"
"409","1540","70","10401","5"
"410","5052","60","10401","111"
"411","292","20","10401","420"
"412","76","18","10401","774"
"413","872","65","10402","320"
"414","39084","60","10402","542"
"415","338","21","10403","21"
"416","1045","70","10403","424"
"417","804","30","10404","408"
"418","94131","30","10404","486"
"419","2048","40","10404","801"
"420","490","50","10405","466"
"421","1464","30","10406","68"
"422","327","5","10406","254"
"423","140","2","10406","616"
"424","98","10","10406","719"
"425","23839","42","10406","797"
"426","5037","15","10407","127"
"427","260","30","10407","523"
"428","266","15","10407","729"
"429","119","6","10408","561"
"430","17","35","10408","816"
"431","434","10","10408","821"
"432","659","12","10409","162"
"433","146","12","10409","418"
"434","1651","49","10410","415"
"435","70","16","10410","422"
"436","880","40","10411","199"
"437","193","9","10411","315"
"438","137","25","10411","363"
"439","878","20","10412","42"
"440","89","14","10413","252"
"441","65","24","10413","562"
"442","732","40","10413","663"
"443","3395","18","10414","116"
"444","1620","50","10414","364"
"445","756","20","10415","337"
"446","134","2","10415","619"
"447","1373","10","10416","282"
"448","768","20","10416","290"
"449","96","20","10416","591"
"450","10065","50","10417","419"
"451","220","36","10417","627"
"452","46","2","10417","676"
"453","115","35","10417","875"
"454","9910","16","10418","547"
"455","141","15","10418","606"
"456","23","60","10418","750"
"457","5703","55","10418","771"
"458","4758","60","10419","113"
"459","744","20","10419","172"
"460","85","20","10420","50"
"461","66","2","10420","642"
"462","54","8","10420","646"
"463","3464","20","10420","696"
"464","780","15","10421","230"
"465","438","30","10421","413"
"466","805","10","10421","624"
"467","17","4","10421","867"
"468","131","2","10422","70"
"469","230","14","10423","641"
"470","414","20","10423","654"
"471","14001","30","10424","483"
"472","152","49","10424","815"
"473","1116","60","10424","844"
"474","134","20","10425","598"
"475","73","10","10425","682"
"476","1202","5","10426","167"
"477","570","7","10426","884"
"478","175","35","10427","609"
"479","48458","20","10428","491"
"480","12040","40","10429","84"
"481","581","35","10429","584"
"482","33550","50","10430","512"
"483","194","45","10430","867"
"484","231","70","10430","875"
"485","1194","30","10430","898"
"486","10790","50","10431","344"
"487","66","30","10431","767"
"488","460","50","10431","813"
"489","244","10","10432","26"
"490","448","40","10432","626"
"491","1264","28","10433","665"
"492","30","6","10434","186"
"493","2471","18","10434","282"
"494","283","10","10435","355"
"495","1712","10","10435","389"
"496","22","12","10435","835"
"497","943","5","10436","116"
"498","545","24","10436","198"
"499","4076","40","10436","232"
"500","1062","30","10436","737"
"501","19","15","10437","826"
"502","366","15","10438","26"
"503","580","20","10438","212"
"504","528","15","10438","573"
"505","10980","15","10439","533"
"506","53","6","10439","580"
"507","1536","30","10439","636"
"508","429","16","10439","662"
"509","849","90","10440","54"
"510","3338","24","10440","160"
"511","55","45","10440","340"
"512","478","49","10440","731"
"513","4085","50","10441","58"
"514","2808","30","10442","6"
"515","252","60","10442","406"
"516","48800","80","10442","543"
"517","538","12","10443","151"
"518","103","6","10443","446"
"519","60","15","10444","12"
"520","234","30","10444","173"
"521","92","10","10444","332"
"522","98","8","10444","452"
"523","87","15","10445","400"
"524","56","6","10445","601"
"525","444","20","10446","29"
"526","1062","15","10446","133"
"527","165","3","10446","171"
"528","2050","12","10446","470"
"529","40","2","10447","3"
"530","640","35","10447","301"
"531","26840","40","10447","512"
"532","1003","6","10448","120"
"533","432","20","10448","639"
"534","444","20","10449","29"
"535","896","35","10449","161"
"536","20257","14","10449","505"
"537","139","6","10450","7"
"538","780","20","10450","40"
"539","2202","28","10451","110"
"540","5604","120","10451","287"
"541","24491","55","10451","514"
"542","2852","35","10451","884"
"543","274","15","10452","336"
"544","1830","100","10452","346"
"545","1229","15","10453","91"
"546","703","25","10453","96"
"547","6076","20","10454","527"
"548","41","10","10454","605"
"549","1010","20","10454","860"
"550","1317","30","10455","42"
"551","292","20","10455","59"
"552","6100","50","10455","156"
"553","1648","25","10455","871"
"554","416","21","10456","90"
"555","101356","40","10456","478"
"556","1382","36","10457","290"
"557","1160","50","10458","7"
"558","594","30","10458","388"
"559","186","15","10458","397"
"560","423","30","10458","440"
"561","146","20","10458","689"
"562","2794","20","10459","87"
"563","174","16","10459","653"
"564","872","40","10459","824"
"565","16199","21","10460","524"
"566","49","4","10460","637"
"567","10272","60","10461","389"
"568","756","40","10461","445"
"569","238","28","10461","552"
"570","146","1","10462","699"
"571","118","21","10462","896"
"572","342","21","10463","37"
"573","962","50","10463","256"
"574","594","16","10464","137"
"575","1134","30","10464","233"
"576","1062","20","10464","574"
"577","34","3","10464","626"
"578","535","25","10465","183"
"579","87","25","10465","251"
"580","165","30","10465","395"
"581","100","20","10465","456"
"582","99","18","10465","556"
"583","976","10","10466","147"
"584","290","5","10466","566"
"585","3912","28","10467","87"
"586","7","12","10467","318"
"587","1056","15","10468","280"
"588","62","8","10468","578"
"589","2307","35","10469","141"
"590","132","2","10469","255"
"591","200","40","10469","455"
"592","438","30","10470","59"
"593","165","15","10470","652"
"594","1291","8","10470","820"
"595","585","30","10471","265"
"596","1069","20","10471","822"
"597","7906","18","10472","526"
"598","1328","80","10472","584"
"599","190","12","10473","67"
"600","9560","12","10473","481"
"601","1319","21","10474","8"
"602","64","10","10474","377"
"603","194","12","10474","468"
"604","1753","18","10474","474"
"605","8562","60","10475","238"
"606","155","42","10475","759"
"607","45","35","10475","826"
"608","310","2","10476","76"
"609","303","12","10476","362"
"610","82","15","10477","556"
"611","244","20","10477","637"
"612","1203","21","10477","694"
"613","122","20","10478","358"
"614","283","30","10479","54"
"615","12516","30","10479","515"
"616","556","28","10479","561"
"617","438","60","10479","790"
"618","198","30","10480","338"
"619","637","12","10480","574"
"620","398","24","10481","584"
"621","684","40","10481","788"
"622","1347","10","10482","114"
"623","4173","30","10483","118"
"624","647","35","10483","705"
"625","659","10","10484","255"
"626","983","14","10484","616"
"627","421","3","10484","697"
"628","854","20","10485","170"
"629","446","20","10485","373"
"630","125538","60","10485","503"
"631","279","30","10485","601"
"632","201","5","10486","152"
"633","128","16","10486","399"
"634","1336","25","10486","822"
"635","262","5","10487","266"
"636","729","30","10487","447"
"637","58150","24","10487","491"
"638","332","20","10488","582"
"639","768","30","10488","845"
"640","1339","18","10489","674"
"641","388","15","10489","808"
"642","40260","60","10490","512"
"643","1056","30","10490","573"
"644","1274","36","10490","737"
"645","682","7","10491","474"
"646","333","15","10491","679"
"647","366","60","10492","407"
"648","34","20","10492","846"
"649","262","10","10493","39"
"650","378","10","10493","233"
"651","58560","15","10493","545"
"652","37","30","10494","339"
"653","111","5","10495","373"
"654","55","10","10495","556"
"655","346","20","10495","887"
"656","1952","20","10496","130"
"657","747","25","10497","257"
"658","711","14","10497","409"
"659","270","25","10497","837"
"660","1008","5","10498","180"
"661","290","14","10498","583"
"662","326","30","10498","653"
"663","4392","25","10499","213"
"664","366","20","10499","336"
"665","238","12","10500","561"
"666","706","8","10500","618"
"667","216","20","10501","837"
"668","74","6","10502","581"
"669","300","30","10502","700"
"670","36","21","10502","846"
"671","245","70","10503","251"
"672","402","20","10503","326"
"673","365","25","10504","323"
"674","140","12","10504","557"
"675","11","10","10504","740"
"676","714","12","10504","805"
"677","10980","3","10505","513"
"678","479","14","10506","203"
"679","401","18","10506","373"
"680","915","15","10507","109"
"681","150","15","10507","625"
"682","305","10","10508","2"
"683","220","10","10508","870"
"684","37","3","10509","581"
"685","1669","36","10510","128"
"686","259","36","10510","720"
"687","730","50","10511","30"
"688","25620","10","10511","508"
"689","250","50","10511","609"
"690","498","9","10512","53"
"691","388","6","10512","146"
"692","26352","12","10512","501"
"693","108","10","10512","837"
"694","372","15","10513","596"
"695","281","50","10513","773"
"696","15","40","10513","817"
"697","1092","39","10514","169"
"698","10248","70","10514","218"
"699","12200","50","10514","410"
"700","801","35","10514","676"
"701","281","39","10514","720"
"702","307","84","10515","563"
"703","149","16","10515","601"
"704","1344","120","10515","626"
"705","1100","50","10515","658"
"706","1054","16","10515","871"
"707","4058","25","10516","145"
"708","86","20","10516","334"
"709","2048","80","10516","692"
"710","259","4","10517","79"
"711","249","6","10517","101"
"712","11639","6","10517","490"
"713","248","5","10518","630"
"714","327","15","10518","824"
"715","355","9","10518","886"
"716","311","10","10519","275"
"717","59","16","10519","451"
"718","2380","40","10519","805"
"719","35","8","10520","422"
"720","86","5","10520","570"
"721","732","6","10521","124"
"722","137","10","10521","807"
"723","112","3","10521","873"
"724","1160","40","10522","212"
"725","414","20","10522","530"
"726","538","24","10522","666"
"727","487","25","10522","783"
"728","567","15","10523","233"
"729","220","18","10523","418"
"730","116","6","10523","555"
"731","488","25","10523","565"
"732","68","2","10524","140"
"733","294","60","10524","217"
"734","205","10","10524","590"
"735","117","15","10524","768"
"736","1977","30","10525","255"
"737","333","15","10525","679"
"738","4173","30","10526","118"
"739","156","8","10526","297"
"740","633","10","10526","416"
"741","1710","50","10527","143"
"742","150","30","10527","455"
"743","49","8","10528","407"
"744","37","3","10528","581"
"745","186","9","10528","654"
"746","894","20","10529","208"
"747","390","10","10529","629"
"748","52","14","10529","726"
"749","1912","40","10530","286"
"750","36173","25","10530","505"
"751","62","20","10530","564"
"752","9760","50","10530","698"
"753","159","2","10531","348"
"754","966","24","10532","152"
"755","137","15","10532","895"
"756","907","24","10533","233"
"757","785","50","10533","276"
"758","89","24","10533","878"
"759","67","10","10534","598"
"760","574","10","10534","623"
"761","13","10","10534","826"
"762","1263","15","10535","111"
"763","10370","50","10535","224"
"764","1397","5","10535","235"
"765","114","10","10535","687"
"766","777","35","10536","29"
"767","2222","20","10536","189"
"768","1572","30","10536","266"
"769","108","15","10536","720"
"770","264","6","10537","73"
"771","3246","20","10537","145"
"772","37","30","10537","209"
"773","462","21","10537","322"
"774","209","9","10537","525"
"775","713","7","10538","232"
"776","8","1","10538","274"
"777","2650","6","10539","482"
"778","130","15","10539","523"
"779","263","8","10539","642"
"780","183","15","10539","659"
"781","1166","40","10540","372"
"782","972","60","10540","468"
"783","420","35","10540","575"
"784","264","30","10540","838"
"785","219","9","10541","447"
"786","208","4","10541","462"
"787","16031","36","10541","514"
"788","256","35","10541","790"
"789","386","24","10542","21"
"790","126","15","10542","81"
"791","153","30","10543","576"
"792","1708","70","10543","739"
"793","59","7","10544","81"
"794","38","7","10544","441"
"795","205","10","10545","572"
"796","525","10","10546","108"
"797","5856","40","10546","417"
"798","1719","30","10546","430"
"799","1049","24","10547","55"
"800","329","60","10547","693"
"801","305","10","10548","2"
"802","5551","14","10548","485"
"803","5200","100","10549","230"
"804","8052","55","10549","612"
"805","15226","48","10549","856"
"806","104","6","10550","14"
"807","445","10","10550","95"
"808","742","8","10550","365"
"809","43","10","10550","867"
"810","2220","20","10551","93"
"811","146400","40","10551","477"
"812","820","40","10551","572"
"813","19764","30","10552","539"
"814","1098","18","10552","781"
"815","48","15","10553","89"
"816","48","30","10553","335"
"817","693","14","10553","366"
"818","288","24","10553","575"
"819","59","6","10553","868"
"820","247","10","10554","469"
"821","732","30","10554","548"
"822","551","20","10554","681"
"823","342","20","10554","883"
"824","88","18","10555","217"
"825","5898","20","10555","383"
"826","448","30","10555","424"
"827","30856","40","10555","524"
"828","147","35","10555","774"
"829","634","24","10556","34"
"830","2318","20","10557","760"
"831","1119","30","10557","873"
"832","20","3","10558","338"
"833","112","20","10558","604"
"834","2592","25","10558","771"
"835","219","30","10558","823"
"836","164","18","10558","895"
"837","378","18","10559","261"
"838","70","12","10559","840"
"839","5","20","10560","342"
"840","279","15","10560","844"
"841","675","50","10561","444"
"842","369","10","10561","849"
"843","1347","10","10562","114"
"844","634","20","10562","139"
"845","31171","70","10563","514"
"846","180","25","10563","720"
"847","113","6","10564","177"
"848","331","16","10564","567"
"849","220","25","10564","838"
"850","137","25","10565","593"
"851","74","18","10565","605"
"852","3416","35","10566","147"
"853","2471","18","10566","282"
"854","369","10","10566","849"
"855","209","3","10567","94"
"856","615","40","10567","262"
"857","1188","60","10567","388"
"858","26","5","10568","370"
"859","770","35","10569","5"
"860","6222","30","10569","435"
"861","1428","60","10570","17"
"862","183","15","10570","714"
"863","171","28","10571","187"
"864","427","11","10571","799"
"865","311","15","10572","23"
"866","335","12","10572","205"
"867","915","50","10572","301"
"868","55","10","10572","395"
"869","1952","40","10573","57"
"870","1012","25","10573","368"
"871","241","18","10573","701"
"872","481","10","10574","159"
"873","1208","6","10574","419"
"874","6","2","10574","628"
"875","49","14","10574","633"
"876","146","6","10575","62"
"877","3294","30","10575","88"
"878","59","12","10575","461"
"879","17080","10","10575","532"
"880","1480","20","10576","163"
"881","974","10","10576","474"
"882","13","21","10576","874"
"883","324","18","10577","38"
"884","189","20","10577","54"
"885","616","10","10577","149"
"886","366","20","10578","271"
"887","52","6","10578","879"
"888","779","21","10579","269"
"889","116","10","10579","725"
"890","202","9","10580","138"
"891","2094","15","10580","231"
"892","228","30","10580","608"
"893","31","50","10581","595"
"894","559","4","10582","87"
"895","650","14","10582","192"
"896","535","10","10583","78"
"897","598","10","10583","684"
"898","3989","24","10583","830"
"899","460","50","10584","332"
"900","165","15","10585","652"
"901","200","4","10586","291"
"902","4564","20","10587","241"
"903","278","6","10587","450"
"904","220","20","10587","758"
"905","152256","40","10588","472"
"906","2196","100","10588","870"
"907","1757","4","10589","535"
"908","2166","60","10590","44"
"909","1196","20","10590","684"
"910","3050","10","10591","225"
"911","7645","50","10591","347"
"912","346","14","10591","469"
"913","22","5","10592","529"
"914","793","25","10592","859"
"915","148","4","10593","137"
"916","63","20","10593","467"
"917","653","21","10593","794"
"918","61488","24","10594","508"
"919","150","30","10594","609"
"920","1391","65","10595","183"
"921","2342","120","10595","565"
"922","558","30","10595","844"
"923","1644","30","10596","215"
"924","14","5","10596","562"
"925","187","24","10596","578"
"926","256","20","10597","165"
"927","791","12","10597","255"
"928","1620","35","10597","450"
"929","1257","9","10598","87"
"930","4095","50","10598","194"
"931","671","10","10599","181"
"932","360","30","10600","361"
"933","342","4","10600","511"
"934","3348","60","10601","216"
"935","222","35","10601","252"
"936","549","5","10602","88"
"937","1432","25","10603","430"
"938","2779","48","10603","757"
"939","194","10","10604","248"
"940","4780","6","10604","481"
"941","237","15","10605","67"
"942","123403","70","10605","544"
"943","1530","30","10605","691"
"944","2730","20","10605","800"
"945","1268","20","10606","98"
"946","2660","20","10606","495"
"947","403","10","10606","819"
"948","4612","42","10607","88"
"949","3220","100","10607","229"
"950","6179","45","10607","282"
"951","444","14","10607","550"
"952","484","12","10607","819"
"953","76","28","10608","402"
"954","171","10","10609","309"
"955","62","3","10609","583"
"956","55","6","10609","813"
"957","1554","21","10610","163"
"958","47","6","10611","288"
"959","238","15","10611","360"
"960","6222","10","10611","536"
"961","872","80","10612","52"
"962","3040","55","10612","53"
"963","224","40","10612","604"
"964","241","18","10612","701"
"965","2527","70","10612","831"
"966","107","8","10613","320"
"967","768","40","10613","393"
"968","435","14","10614","275"
"969","83","5","10614","584"
"970","1291","8","10614","820"
"971","15","5","10615","752"
"972","459","15","10616","204"
"973","549","15","10616","270"
"974","110","15","10616","735"
"975","283","14","10616","811"
"976","14955","30","10617","537"
"977","34160","70","10618","63"
"978","861","15","10618","623"
"979","146","20","10618","678"
"980","575","42","10619","807"
"981","6648","40","10619","830"
"982","2226","5","10620","514"
"983","46","5","10620","813"
"984","133","15","10621","580"
"985","25","5","10621","594"
"986","598","20","10621","833"
"987","122","10","10621","842"
"988","4316","20","10622","344"
"989","79319","18","10622","519"
"990","1395","25","10623","216"
"991","243","15","10623","468"
"992","13","21","10623","595"
"993","45","3","10623","713"
"994","66","30","10623","767"
"995","427","10","10624","170"
"996","145","10","10624","449"
"997","91","6","10624","711"
"998","260","5","10625","230"
"999","106","3","10625","737"
"1000","1210","10","10625","881"
"1001","454","12","10626","233"
"1002","2530","20","10626","307"
"1003","166","20","10626","718"
"1004","5124","35","10627","417"
"1005","201","15","10627","701"
"1006","137","25","10628","556"
"1007","85","9","10629","54"
"1008","586","20","10629","669"
"1009","560","12","10630","298"
"1010","749","35","10630","315"
"1011","522","8","10631","643"
"1012","915","30","10632","2"
"1013","1822","20","10632","460"
"1014","7247","36","10633","419"
"1015","143","13","10633","453"
"1016","865","35","10633","469"
"1017","680","80","10633","552"
"1018","16","2","10634","288"
"1019","2613","50","10634","356"
"1020","906","15","10634","531"
"1021","574","35","10634","641"
"1022","480","40","10635","575"
"1023","100","15","10635","598"
"1024","281","10","10635","746"
"1025","22","6","10636","451"
"1026","732","25","10636","669"
"1027","12444","60","10637","224"
"1028","336","10","10637","244"
"1029","366","25","10637","267"
"1030","34","20","10638","375"
"1031","937","21","10638","743"
"1032","90","60","10638","775"
"1033","1868","8","10639","465"
"1034","366","15","10640","62"
"1035","236","20","10640","839"
"1036","6980","50","10641","231"
"1037","474","60","10641","390"
"1038","1902","30","10642","41"
"1039","722","20","10642","831"
"1040","7","2","10643","25"
"1041","4026","15","10643","100"
"1042","384","21","10643","295"
"1043","2724","21","10644","119"
"1044","15","4","10644","210"
"1045","768","20","10644","290"
"1046","494","20","10645","469"
"1047","24980","15","10645","471"
"1048","731","35","10646","27"
"1049","2646","18","10646","69"
"1050","2435","15","10646","145"
"1051","2220","30","10646","163"
"1052","512","20","10647","161"
"1053","861","30","10647","585"
"1054","333","15","10648","679"
"1055","232","15","10648","847"
"1056","5","20","10649","342"
"1057","230","15","10649","772"
"1058","640","25","10650","201"
"1059","2049","30","10650","294"
"1060","75","30","10650","854"
"1061","2921","12","10651","122"
"1062","302","20","10651","711"
"1063","98","20","10652","31"
"1064","40","2","10652","388"
"1065","98","20","10653","594"
"1066","696","30","10653","707"
"1067","586","6","10654","130"
"1068","634","20","10654","550"
"1069","266","12","10654","679"
"1070","495","20","10655","596"
"1071","286","6","10656","82"
"1072","205","3","10656","294"
"1073","27","28","10656","354"
"1074","102","30","10657","25"
"1075","2493","45","10657","260"
"1076","110","10","10657","453"
"1077","729","45","10657","468"
"1078","12941","24","10657","497"
"1079","2590","50","10657","778"
"1080","1540","70","10658","5"
"1081","181","55","10658","341"
"1082","686","70","10658","466"
"1083","150864","60","10658","473"
"1084","1048","20","10659","266"
"1085","996","24","10659","411"
"1086","156","40","10659","892"
"1087","7174","21","10660","80"
"1088","152","49","10661","49"
"1089","22","3","10661","735"
"1090","85","10","10662","274"
"1091","316","20","10663","67"
"1092","2286","30","10663","314"
"1093","7149","30","10663","324"
"1094","689","12","10664","623"
"1095","269","24","10664","626"
"1096","205","15","10664","807"
"1097","85","10","10665","10"
"1098","2038","20","10665","232"
"1099","12","1","10665","736"
"1100","1012","36","10666","96"
"1101","21960","10","10666","501"
"1102","6862","45","10667","222"
"1103","939","14","10667","765"
"1104","274","15","10668","301"
"1105","171","8","10668","311"
"1106","204","4","10668","691"
"1107","111","30","10669","632"
"1108","1220","25","10670","57"
"1109","115","50","10670","371"
"1110","95","25","10670","592"
"1111","2419","32","10670","615"
"1112","1458","60","10670","742"
"1113","449","12","10671","437"
"1114","19","10","10671","551"
"1115","732","10","10671","617"
"1116","1616","12","10672","114"
"1117","6771","15","10672","489"
"1118","26","6","10673","334"
"1119","88","3","10673","706"
"1120","82","6","10673","807"
"1121","40","5","10674","288"
"1122","1209","30","10675","202"
"1123","463","10","10675","450"
"1124","615","30","10675","572"
"1125","381","2","10676","126"
"1126","15","21","10676","559"
"1127","41","7","10676","840"
"1128","293","8","10677","270"
"1129","147","30","10677","378"
"1130","58560","120","10678","63"
"1131","4119","30","10678","282"
"1132","25620","100","10678","494"
"1133","294","30","10678","719"
"1134","107","12","10679","385"
"1135","1830","50","10680","71"
"1136","9272","20","10680","484"
"1137","352","40","10680","838"
"1138","844","12","10681","106"
"1139","61488","28","10681","501"
"1140","99","30","10681","875"
"1141","4869","30","10682","145"
"1142","360","30","10682","361"
"1143","6832","4","10682","532"
"1144","110","9","10683","384"
"1145","2792","20","10684","231"
"1146","186","30","10684","396"
"1147","548","40","10684","807"
"1148","78","4","10685","248"
"1149","506","20","10685","362"
"1150","476","15","10685","859"
"1151","787","30","10686","329"
"1152","56","15","10686","878"
"1153","43","10","10687","50"
"1154","850","50","10687","196"
"1155","223","6","10687","747"
"1156","145","18","10688","51"
"1157","119","14","10688","274"
"1158","220","60","10688","563"
"1159","770","35","10689","658"
"1160","7149","30","10690","324"
"1161","110","20","10690","556"
"1162","718","24","10691","257"
"1163","293","48","10691","407"
"1164","1660","40","10691","411"
"1165","888","40","10691","673"
"1166","51","30","10691","846"
"1167","195","20","10692","250"
"1168","501","30","10693","28"
"1169","44","6","10693","249"
"1170","978","60","10693","650"
"1171","110","15","10693","790"
"1172","43","25","10694","425"
"1173","396594","90","10694","519"
"1174","560","50","10694","814"
"1175","342","4","10695","148"
"1176","1232","20","10695","149"
"1177","708","10","10695","273"
"1178","600","18","10696","304"
"1179","9970","20","10696","537"
"1180","2654","9","10697","383"
"1181","732","30","10697","548"
"1182","3337","30","10697","672"
"1183","30","7","10697","867"
"1184","35","8","10698","46"
"1185","87","8","10698","214"
"1186","791","12","10698","255"
"1187","3867","65","10698","805"
"1188","177","15","10698","839"
"1189","412","12","10699","131"
"1190","644","12","10700","239"
"1191","480","60","10700","399"
"1192","15","5","10700","564"
"1193","2684","40","10700","619"
"1194","21","35","10701","47"
"1195","1172","42","10701","205"
"1196","195","20","10701","731"
"1197","77","6","10702","165"
"1198","364","15","10702","742"
"1199","867","5","10703","121"
"1200","15585","35","10703","534"
"1201","197","35","10703","773"
"1202","204","24","10704","10"
"1203","1495","35","10704","144"
"1204","86","6","10704","264"
"1205","6","4","10705","335"
"1206","78","20","10705","892"
"1207","1200","24","10706","103"
"1208","30451","8","10706","472"
"1209","414","20","10706","530"
"1210","512","21","10707","11"
"1211","1188","40","10707","200"
"1212","509","28","10707","303"
"1213","131","4","10708","115"
"1214","172","5","10708","683"
"1215","34","28","10709","349"
"1216","222","10","10709","673"
"1217","768","40","10709","685"
"1218","164","5","10710","115"
"1219","556","5","10710","672"
"1220","33228","120","10711","105"
"1221","19984","12","10711","471"
"1222","63","42","10711","775"
"1223","172","3","10712","430"
"1224","1536","30","10712","801"
"1225","2013","30","10713","181"
"1226","38","24","10713","335"
"1227","1342","110","10713","418"
"1228","482","18","10713","900"
"1229","630","30","10714","261"
"1230","865","50","10714","570"
"1231","194","18","10714","703"
"1232","67","12","10714","773"
"1233","1647","27","10714","779"
"1234","2829","21","10715","114"
"1235","16725","30","10715","540"
"1236","12","7","10716","43"
"1237","708","10","10716","273"
"1238","91","5","10716","301"
"1239","21082","32","10717","539"
"1240","2421","15","10717","820"
"1241","1002","25","10717","893"
"1242","2440","20","10718","124"
"1243","2995","36","10718","379"
"1244","109","20","10718","553"
"1245","148","40","10718","632"
"1246","68","12","10719","166"
"1247","587","40","10719","278"
"1248","46","3","10719","772"
"1249","298","8","10720","560"
"1250","78","21","10720","726"
"1251","2655","50","10721","574"
"1252","382","45","10722","10"
"1253","286","3","10722","164"
"1254","610","50","10722","452"
"1255","974","42","10722","525"
"1256","31385","15","10723","503"
"1257","20","16","10724","339"
"1258","8400","5","10724","504"
"1259","60","4","10725","424"
"1260","200","6","10725","644"
"1261","120","12","10725","702"
"1262","1525","25","10726","779"
"1263","256","5","10726","801"
"1264","195","10","10727","297"
"1265","80","10","10727","399"
"1266","134","20","10727","598"
"1267","1118","15","10728","15"
"1268","107","12","10728","385"
"1269","59","6","10728","719"
"1270","1555","15","10728","771"
"1271","93","30","10729","352"
"1272","420","50","10729","834"
"1273","68","40","10729","846"
"1274","88","3","10730","36"
"1275","420","15","10730","169"
"1276","109","10","10730","429"
"1277","576","30","10731","393"
"1278","376","40","10731","606"
"1279","512","20","10732","692"
"1280","732","20","10733","153"
"1281","293","16","10733","206"
"1282","3878","25","10733","237"
"1283","1244","30","10734","101"
"1284","1078","20","10734","675"
"1285","7594","15","10734","832"
"1286","340","20","10735","196"
"1287","27","2","10735","738"
"1288","183","20","10736","179"
"1289","148","40","10736","451"
"1290","863","4","10737","344"
"1291","264","12","10737","658"
"1292","1318","3","10738","535"
"1293","10","6","10739","425"
"1294","14341","18","10739","481"
"1295","323","5","10740","146"
"1296","24","14","10740","425"
"1297","7259","35","10740","435"
"1298","172","40","10740","529"
"1299","19764","15","10741","507"
"1300","4685","50","10742","234"
"1301","384","20","10742","685"
"1302","470","35","10742","738"
"1303","34","28","10743","33"
"1304","4880","50","10744","147"
"1305","432","24","10745","38"
"1306","893","16","10745","216"
"1307","1530","45","10745","405"
"1308","939","7","10745","442"
"1309","88","6","10746","59"
"1310","388","28","10746","64"
"1311","57876","40","10746","505"
"1312","130","9","10746","680"
"1313","22","9","10747","22"
"1314","58","8","10747","689"
"1315","405","30","10747","891"
"1316","938","35","10747","900"
"1317","2050","28","10748","4"
"1318","1332","40","10748","304"
"1319","20398","44","10748","484"
"1320","279","10","10749","205"
"1321","257","15","10749","309"
"1322","134","6","10749","373"
"1323","2740","40","10750","150"
"1324","1012","25","10750","368"
"1325","122","5","10750","548"
"1326","101","12","10751","81"
"1327","147","15","10751","331"
"1328","804","30","10751","408"
"1329","299","20","10751","424"
"1330","6","8","10752","428"
"1331","11","3","10752","759"
"1332","8540","5","10753","532"
"1333","22","4","10753","693"
"1334","12","3","10754","605"
"1335","14640","30","10755","63"
"1336","1098","30","10755","153"
"1337","333","25","10755","454"
"1338","278","14","10755","561"
"1339","195","20","10756","24"
"1340","7906","6","10756","507"
"1341","220","20","10756","602"
"1342","653","21","10756","794"
"1343","1500","30","10757","103"
"1344","7149","30","10757","324"
"1345","136","7","10757","463"
"1346","1836","24","10757","863"
"1347","1098","60","10758","301"
"1348","44","20","10758","558"
"1349","15","40","10758","750"
"1350","238","10","10759","312"
"1351","804","30","10760","211"
"1352","1318","40","10760","599"
"1353","1742","12","10760","864"
"1354","151","35","10761","240"
"1355","29","18","10761","335"
"1356","501","30","10762","28"
"1357","5052","60","10762","111"
"1358","375","28","10762","709"
"1359","819","16","10762","801"
"1360","512","6","10763","148"
"1361","24","20","10763","209"
"1362","52704","40","10763","507"
"1363","189","20","10764","54"
"1364","494","130","10764","592"
"1365","1440","80","10765","38"
"1366","3792","40","10766","157"
"1367","3940","40","10766","862"
"1368","1379","35","10766","886"
"1369","33","2","10767","37"
"1370","1700","50","10768","405"
"1371","537","4","10768","496"
"1372","264","12","10768","658"
"1373","19","15","10768","826"
"1374","924","15","10769","149"
"1375","6222","30","10769","224"
"1376","4557","15","10769","527"
"1377","310","20","10769","847"
"1378","447","15","10770","828"
"1379","1014","16","10771","98"
"1380","457","25","10772","302"
"1381","461","18","10772","692"
"1382","12","7","10773","43"
"1383","21350","70","10773","225"
"1384","122","33","10773","374"
"1385","671","50","10774","320"
"1386","3","2","10774","775"
"1387","538","3","10775","107"
"1388","16","6","10775","402"
"1389","1318","27","10776","134"
"1390","560","12","10776","287"
"1391","292800","120","10776","502"
"1392","1123","16","10776","616"
"1393","1491","20","10777","15"
"1394","403","10","10778","202"
"1395","366","20","10779","206"
"1396","1220","20","10779","779"
"1397","65","15","10780","240"
"1398","238","35","10780","569"
"1399","2562","35","10781","4"
"1400","228","20","10781","687"
"1401","4","3","10781","748"
"1402","18","1","10782","549"
"1403","195","5","10783","40"
"1404","137","10","10783","807"
"1405","127","2","10784","41"
"1406","1662","30","10784","260"
"1407","14823","30","10784","538"
"1408","17","10","10785","375"
"1409","1712","10","10785","389"
"1410","4587","30","10786","347"
"1411","74","15","10786","792"
"1412","1252","42","10786","828"
"1413","1116","15","10787","83"
"1414","4670","20","10787","465"
"1415","4508","40","10788","86"
"1416","445","50","10788","580"
"1417","255","30","10789","10"
"1418","18","15","10789","339"
"1419","56","18","10789","352"
"1420","174","30","10789","840"
"1421","62","3","10790","583"
"1422","36","20","10790","798"
"1423","342","14","10791","548"
"1424","112","20","10791","756"
"1425","831","3","10792","105"
"1426","298","15","10792","561"
"1427","1037","10","10792","621"
"1428","392","14","10793","169"
"1429","234","8","10793","829"
"1430","65","6","10794","429"
"1431","2013","15","10794","496"
"1432","1508","65","10795","707"
"1433","1347","35","10795","754"
"1434","2264","35","10796","79"
"1435","220","10","10796","199"
"1436","259","24","10796","703"
"1437","815","21","10796","799"
"1438","5","20","10797","342"
"1439","4","2","10798","558"
"1440","5676","10","10798","797"
"1441","395","25","10799","67"
"1442","98","20","10799","378"
"1443","1136","20","10799","825"
"1444","390","50","10800","173"
"1445","489","7","10800","353"
"1446","192","10","10800","685"
"1447","195","20","10801","250"
"1448","88","40","10801","785"
"1449","132","5","10802","34"
"1450","49194","60","10802","517"
"1451","1295","25","10802","778"
"1452","174","30","10802","872"
"1453","1219","24","10803","409"
"1454","55","15","10803","431"
"1455","11951","15","10803","481"
"1456","3341","36","10804","365"
"1457","58150","24","10804","491"
"1458","61","4","10804","772"
"1459","683","10","10805","294"
"1460","1037","10","10805","621"
"1461","684","20","10806","293"
"1462","476","2","10806","382"
"1463","6","15","10806","817"
"1464","52","1","10807","266"
"1465","1074","20","10808","239"
"1466","915","50","10808","549"
"1467","1508","20","10809","195"
"1468","220","5","10810","42"
"1469","223","5","10810","743"
"1470","108","7","10810","847"
"1471","1685","18","10811","6"
"1472","1683","30","10811","178"
"1473","777","15","10811","778"
"1474","1634","20","10812","58"
"1475","898","16","10812","178"
"1476","888","40","10812","679"
"1477","3660","12","10813","225"
"1478","472","35","10813","444"
"1479","312","8","10814","40"
"1480","666","20","10814","304"
"1481","13176","30","10814","492"
"1482","62","20","10814","776"
"1483","86","16","10815","869"
"1484","2073","30","10816","102"
"1485","73200","20","10816","477"
"1486","49","40","10817","33"
"1487","26718","60","10817","514"
"1488","2592","25","10817","621"
"1489","252","30","10817","834"
"1490","694","20","10818","142"
"1491","248","20","10818","581"
"1492","43","7","10819","187"
"1493","742","20","10819","747"
"1494","216","30","10820","720"
"1495","24","20","10821","349"
"1496","119","6","10821","388"
"1497","16","3","10822","553"
"1498","489","6","10822","884"
"1499","488","20","10823","62"
"1500","1025","15","10823","294"
"1501","60","40","10823","775"
"1502","232","15","10823","847"
"1503","337","12","10824","96"
"1504","5369","9","10824","480"
"1505","131","12","10825","429"
"1506","226","20","10825","732"
"1507","128","15","10826","640"
"1508","479","35","10826","807"
"1509","311","15","10827","35"
"1510","2045","21","10827","474"
"1511","54","2","10828","197"
"1512","73","5","10828","283"
"1513","198","10","10829","90"
"1514","1096","20","10829","215"
"1515","183","10","10829","367"
"1516","235","21","10829","626"
"1517","717","30","10830","45"
"1518","3156","28","10830","86"
"1519","72","6","10830","361"
"1520","3514","24","10830","699"
"1521","312","8","10831","40"
"1522","1647","9","10831","125"
"1523","166","2","10831","379"
"1524","68","8","10831","552"
"1525","2674","16","10832","120"
"1526","54","3","10832","263"
"1527","361","10","10832","831"
"1528","27","3","10832","895"
"1529","498","9","10833","53"
"1530","122","20","10833","404"
"1531","22805","9","10833","479"
"1532","178","8","10834","29"
"1533","200","20","10834","625"
"1534","1055","15","10835","106"
"1535","166","2","10835","379"
"1536","2015","6","10836","127"
"1537","171","30","10836","166"
"1538","1544","52","10836","200"
"1539","122","24","10836","717"
"1540","1458","60","10836","742"
"1541","19","6","10837","564"
"1542","380","40","10837","571"
"1543","260","25","10837","661"
"1544","876","21","10837","688"
"1545","425","50","10838","10"
"1546","1220","4","10838","225"
"1547","93","25","10838","632"
"1548","366","30","10839","637"
"1549","2421","15","10839","820"
"1550","85","10","10840","274"
"1551","7","6","10840","339"
"1552","758","16","10841","316"
"1553","215","50","10841","529"
"1554","28","15","10841","551"
"1555","366","30","10841","667"
"1556","402","20","10842","3"
"1557","421","5","10842","111"
"1558","175","15","10842","557"
"1559","184","12","10842","657"
"1560","532","4","10843","495"
"1561","595","35","10844","196"
"1562","1953","70","10845","205"
"1563","5955","25","10845","382"
"1564","4373","48","10845","460"
"1565","98822","42","10845","488"
"1566","222","60","10845","878"
"1567","1026","30","10846","203"
"1568","688","20","10846","443"
"1569","37021","21","10846","544"
"1570","894","12","10847","15"
"1571","4320","60","10847","92"
"1572","2684","55","10847","134"
"1573","528","36","10847","278"
"1574","43920","80","10847","506"
"1575","324","45","10847","720"
"1576","279","30","10848","601"
"1577","194","3","10848","897"
"1578","985","49","10849","326"
"1579","130","18","10849","720"
"1580","112","4","10850","96"
"1581","778","20","10850","228"
"1582","7320","30","10850","410"
"1583","628","10","10851","8"
"1584","464","10","10851","192"
"1585","8198","42","10851","522"
"1586","121","5","10851","742"
"1587","120","15","10852","56"
"1588","11430","50","10852","333"
"1589","3235","6","10852","497"
"1590","91","10","10853","660"
"1591","781","100","10854","173"
"1592","952","65","10854","267"
"1593","2635","24","10855","88"
"1594","451","14","10855","229"
"1595","130","15","10855","523"
"1596","360","50","10855","603"
"1597","74","20","10856","210"
"1598","1069","20","10856","822"
"1599","222","10","10857","29"
"1600","21","30","10857","428"
"1601","665","35","10857","890"
"1602","342","10","10858","203"
"1603","698","5","10858","716"
"1604","23","4","10858","840"
"1605","518","35","10859","328"
"1606","531","30","10859","729"
"1607","4840","40","10859","881"
"1608","586","20","10860","669"
"1609","9","3","10860","815"
"1610","454","20","10861","198"
"1611","938","35","10861","211"
"1612","3048","40","10861","314"
"1613","244","42","10861","400"
"1614","112","3","10861","437"
"1615","487","25","10862","783"
"1616","70","8","10862","879"
"1617","1098","20","10863","162"
"1618","647","12","10863","675"
"1619","98","4","10864","739"
"1620","7554","15","10864","852"
"1621","1098","60","10865","19"
"1622","5952","80","10865","674"
"1623","157","6","10866","39"
"1624","2050","21","10866","147"
"1625","1268","40","10866","155"
"1626","5","3","10867","425"
"1627","1884","30","10868","8"
"1628","420","20","10868","261"
"1629","133","42","10868","467"
"1630","1671","10","10869","120"
"1631","584","40","10869","246"
"1632","1474","20","10869","459"
"1633","272","50","10869","553"
"1634","443","2","10870","751"
"1635","26","3","10870","838"
"1636","547","16","10871","143"
"1637","272","50","10871","553"
"1638","175","12","10871","677"
"1639","47058","20","10872","488"
"1640","51240","21","10872","502"
"1641","1098","15","10872","617"
"1642","938","10","10872","865"
"1643","634","20","10873","139"
"1644","13","3","10873","343"
"1645","138","10","10874","802"
"1646","390","25","10875","259"
"1647","995","21","10875","316"
"1648","26","15","10875","425"
"1649","1384","21","10876","255"
"1650","495","20","10876","596"
"1651","522","25","10877","27"
"1652","403","30","10877","320"
"1653","48","20","10878","22"
"1654","685","10","10879","150"
"1655","52","12","10879","240"
"1656","586","10","10879","855"
"1657","1464","30","10880","325"
"1658","13176","30","10880","526"
"1659","543","50","10880","653"
"1660","488","10","10881","68"
"1661","915","25","10882","270"
"1662","562","20","10882","350"
"1663","186","32","10882","400"
"1664","159","8","10883","561"
"1665","36","21","10884","43"
"1666","900","40","10884","138"
"1667","1244","12","10884","621"
"1668","1669","12","10885","118"
"1669","2074","20","10885","771"
"1670","4842","30","10885","820"
"1671","428","25","10885","883"
"1672","21350","70","10886","225"
"1673","346","40","10886","523"
"1674","266","35","10886","608"
"1675","1586","5","10887","856"
"1676","184","20","10888","332"
"1677","67","18","10888","374"
"1678","1560","40","10889","40"
"1679","3680","40","10889","610"
"1680","6","10","10890","318"
"1681","171","14","10890","755"
"1682","26","15","10890","846"
"1683","1835","15","10891","112"
"1684","1220","40","10892","412"
"1685","525","10","10893","108"
"1686","843","30","10893","350"
"1687","9882","20","10893","538"
"1688","5124","35","10893","612"
"1689","74","24","10893","815"
"1690","620","50","10894","581"
"1691","1320","120","10894","602"
"1692","204","28","10894","682"
"1693","198","45","10895","422"
"1694","496","91","10895","553"
"1695","803","110","10895","682"
"1696","11590","100","10895","760"
"1697","371","16","10896","7"
"1698","147","15","10896","398"
"1699","11712","80","10897","699"
"1700","875","36","10897","742"
"1701","402","5","10898","624"
"1702","176","8","10899","199"
"1703","216","3","10900","92"
"1704","339","30","10901","732"
"1705","1062","30","10901","737"
"1706","422","6","10902","106"
"1707","7146","30","10902","382"
"1708","84","40","10903","568"
"1709","1024","20","10903","636"
"1710","26","21","10903","784"
"1711","639","15","10904","305"
"1712","2027","35","10904","757"
"1713","217","20","10905","653"
"1714","3651","15","10906","122"
"1715","325","14","10907","421"
"1716","615","14","10908","73"
"1717","170","20","10908","274"
"1718","1186","12","10909","175"
"1719","4191","15","10909","235"
"1720","67","5","10909","880"
"1721","586","12","10910","57"
"1722","98","10","10910","250"
"1723","33","5","10910","598"
"1724","1080","15","10911","92"
"1725","110","10","10911","602"
"1726","35","12","10911","628"
"1727","3000","60","10912","291"
"1728","6016","40","10912","345"
"1729","2094","15","10913","231"
"1730","743","30","10913","596"
"1731","2392","40","10913","684"
"1732","145","25","10914","840"
"1733","976","10","10915","147"
"1734","146","10","10915","242"
"1735","429","30","10915","359"
"1736","95","6","10916","360"
"1737","165","6","10916","681"
"1738","867","20","10916","821"
"1739","81","1","10917","75"
"1740","179","10","10917","263"
"1741","3768","60","10918","8"
"1742","105","25","10918","406"
"1743","4099","24","10919","129"
"1744","536","20","10919","211"
"1745","84","24","10919","251"
"1746","240","24","10920","700"
"1747","173","10","10921","570"
"1748","3752","40","10921","865"
"1749","234","15","10922","259"
"1750","3758","35","10922","391"
"1751","520","10","10923","230"
"1752","377","24","10923","276"
"1753","36600","10","10923","477"
"1754","4766","20","10924","324"
"1755","2379","6","10924","485"
"1756","204","30","10924","569"
"1757","1068","25","10925","144"
"1758","264","12","10925","322"
"1759","167","7","10926","17"
"1760","72","10","10926","603"
"1761","268","2","10926","769"
"1762","49","10","10926","789"
"1763","73","5","10927","30"
"1764","410","5","10927","91"
"1765","12","20","10927","318"
"1766","1037","5","10928","224"
"1767","128","5","10928","845"
"1768","2562","15","10929","470"
"1769","118722","49","10929","491"
"1770","652","60","10929","653"
"1771","793","25","10930","139"
"1772","4943","36","10930","282"
"1773","729","25","10930","372"
"1774","49959","30","10930","471"
"1775","1170","30","10931","40"
"1776","3935","42","10931","234"
"1777","732","14","10932","356"
"1778","1780","16","10932","672"
"1779","1281","30","10932","806"
"1780","184","20","10932","813"
"1781","43","2","10933","311"
"1782","219","30","10933","682"
"1783","4026","20","10934","499"
"1784","1720","21","10935","91"
"1785","379","4","10935","157"
"1786","13","8","10935","317"
"1787","260","30","10936","523"
"1788","358","20","10937","99"
"1789","194","8","10937","447"
"1790","277","20","10938","64"
"1791","553","35","10938","67"
"1792","6875","49","10938","697"
"1793","322","24","10938","701"
"1794","32","10","10939","89"
"1795","292","40","10939","790"
"1796","293","8","10940","71"
"1797","2254","20","10940","86"
"1798","1310","50","10941","39"
"1799","1932","44","10941","174"
"1800","21","30","10941","428"
"1801","9720","80","10941","843"
"1802","67","28","10942","22"
"1803","7052","21","10943","127"
"1804","859","15","10943","430"
"1805","384","15","10943","845"
"1806","284","18","10944","67"
"1807","96","5","10944","645"
"1808","709","18","10944","886"
"1809","464","10","10945","128"
"1810","558","20","10945","205"
"1811","1610","40","10946","152"
"1812","397","25","10946","360"
"1813","36173","25","10946","505"
"1814","18","4","10947","803"
"1815","84","4","10948","27"
"1816","4486","9","10948","537"
"1817","7808","40","10948","698"
"1818","113","6","10949","177"
"1819","1025","12","10949","245"
"1820","23142","30","10949","524"
"1821","19032","60","10949","856"
"1822","1397","5","10950","235"
"1823","620","50","10951","397"
"1824","116","6","10951","555"
"1825","1830","15","10951","766"
"1826","11","2","10952","604"
"1827","195","16","10952","659"
"1828","2620","50","10953","266"
"1829","1940","50","10953","799"
"1830","610","25","10954","26"
"1831","438","30","10954","242"
"1832","258","28","10954","638"
"1833","370","24","10954","708"
"1834","1391","12","10955","760"
"1835","1708","14","10956","124"
"1836","784","12","10956","254"
"1837","10002","8","10956","521"
"1838","1757","40","10957","73"
"1839","358","8","10957","208"
"1840","293","30","10957","731"
"1841","189","5","10958","233"
"1842","58","20","10958","628"
"1843","44","6","10958","678"
"1844","98","20","10959","461"
"1845","740","10","10960","163"
"1846","3310","24","10960","182"
"1847","10542","60","10961","213"
"1848","148","6","10961","469"
"1849","1709","77","10962","29"
"1850","3758","44","10962","245"
"1851","292","20","10962","289"
"1852","383","9","10962","305"
"1853","604","45","10962","738"
"1854","16","2","10963","761"
"1855","827","6","10964","182"
"1856","143","10","10964","359"
"1857","402","5","10964","624"
"1858","336","16","10965","261"
"1859","527","12","10966","73"
"1860","110","12","10966","813"
"1861","94","8","10966","839"
"1862","401","12","10967","644"
"1863","40","40","10967","876"
"1864","729","30","10968","65"
"1865","227","4","10968","292"
"1866","1422","30","10968","316"
"1867","571","9","10969","41"
"1868","1704","40","10970","305"
"1869","204","14","10971","323"
"1870","271","6","10972","665"
"1871","206","7","10972","706"
"1872","171","5","10973","203"
"1873","329","6","10973","357"
"1874","573","10","10973","430"
"1875","988","10","10974","175"
"1876","57","10","10975","166"
"1877","312","16","10975","191"
"1878","73","20","10976","563"
"1879","696","30","10977","7"
"1880","10","10","10977","354"
"1881","696","30","10977","525"
"1882","458","20","10977","676"
"1883","305","10","10978","2"
"1884","1948","20","10978","474"
"1885","57876","40","10978","505"
"1886","55","6","10978","813"
"1887","303","35","10979","158"
"1888","104","20","10979","370"
"1889","235","24","10979","466"
"1890","7137","18","10979","485"
"1891","232","80","10979","628"
"1892","146","30","10979","804"
"1893","244","40","10980","627"
"1894","2558","60","10981","327"
"1895","184","20","10982","332"
"1896","33","9","10982","759"
"1897","1131","15","10983","195"
"1898","3252","84","10983","313"
"1899","292","20","10984","246"
"1900","3220","40","10984","624"
"1901","671","55","10984","667"
"1902","750","8","10985","234"
"1903","4427","35","10985","307"
"1904","8784","36","10985","410"
"1905","3440","10","10986","219"
"1906","8382","30","10986","235"
"1907","694","15","10986","450"
"1908","257","15","10986","883"
"1909","5636","6","10987","518"
"1910","332","20","10987","582"
"1911","582","60","10987","715"
"1912","668","40","10988","28"
"1913","42","60","10988","428"
"1914","121","15","10989","51"
"1915","2416","40","10989","531"
"1916","25","4","10989","631"
"1917","1098","60","10990","301"
"1918","32909","65","10990","832"
"1919","2462","66","10990","873"
"1920","3711","65","10990","885"
"1921","15813","90","10991","213"
"1922","1710","50","10991","293"
"1923","62","20","10991","427"
"1924","21","2","10992","380"
"1925","1585","50","10993","154"
"1926","470","35","10993","320"
"1927","2000","18","10994","189"
"1928","418","20","10995","27"
"1929","805","4","10995","499"
"1930","1852","40","10996","450"
"1931","10370","50","10997","224"
"1932","84","20","10997","406"
"1933","520","20","10997","656"
"1934","89","20","10998","16"
"1935","470","7","10998","181"
"1936","66","12","10998","395"
"1937","2196","30","10998","733"
"1938","1097","21","10999","356"
"1939","494","15","10999","642"
"1940","244","20","10999","736"
"1941","522","30","11000","14"
"1942","1830","25","11000","611"
"1943","6642","30","11000","751"
"1944","3020","25","11001","168"
"1945","1158","60","11001","645"
"1946","19","6","11001","752"
"1947","37","25","11001","775"
"1948","1333","56","11002","312"
"1949","256","40","11002","377"
"1950","2562","15","11002","470"
"1951","79","24","11002","875"
"1952","86","4","11003","315"
"1953","1708","10","11003","470"
"1954","1952","10","11003","698"
"1955","119","6","11004","247"
"1956","73","6","11004","667"
"1957","683","2","11005","80"
"1958","253","10","11005","362"
"1959","13439","8","11006","504"
"1960","273","2","11006","800"
"1961","1147","14","11007","91"
"1962","951","30","11007","155"
"1963","5856","10","11007","857"
"1964","6709","90","11008","15"
"1965","3122","70","11008","763"
"1966","2050","21","11008","786"
"1967","4831","18","11009","100"
"1968","72","9","11009","399"
"1969","1610","12","11009","496"
"1970","37","10","11010","451"
"1971","84","20","11010","774"
"1972","4148","20","11011","224"
"1973","616","40","11011","710"
"1974","2304","60","11012","290"
"1975","600","50","11012","361"
"1976","54","36","11012","775"
"1977","5538","20","11013","105"
"1978","42","10","11013","406"
"1979","3360","2","11013","504"
"1980","49","4","11013","755"
"1981","8506","28","11014","527"
"1982","219","15","11015","413"
"1983","1656","18","11015","610"
"1984","137","16","11016","32"
"1985","2105","15","11016","697"
"1986","1134","30","11017","337"
"1987","762","25","11017","412"
"1988","2123","110","11017","645"
"1989","322","20","11018","21"
"1990","708","10","11018","133"
"1991","72","5","11018","449"
"1992","73","3","11019","548"
"1993","3","2","11019","826"
"1994","1049","24","11020","55"
"1995","2857","15","11021","126"
"1996","493","44","11021","626"
"1997","110","11","11021","700"
"1998","69","63","11021","740"
"1999","1403","35","11021","893"
"2000","523","35","11022","424"
"2001","129","30","11022","867"
"2002","531","30","11023","284"
"2003","268","4","11023","619"
"2004","3140","50","11024","8"
"2005","5490","30","11024","125"
"2006","178","21","11024","285"
"2007","784","12","11024","381"
"2008","132","20","11025","338"
"2009","6194","10","11025","547"
"2010","186","8","11026","525"
"2011","372","10","11026","560"
"2012","714","30","11027","312"
"2013","1025","21","11027","325"
"2014","907","24","11028","588"
"2015","213","35","11028","627"
"2016","234","12","11029","589"
"2017","302","20","11029","711"
"2018","610","100","11030","404"
"2019","310","100","11030","770"
"2020","2905","70","11030","853"
"2021","336","60","11030","896"
"2022","1776","16","11031","93"
"2023","193","21","11031","332"
"2024","4026","20","11031","499"
"2025","976","80","11031","667"
"2026","139","45","11031","752"
"2027","237","30","11032","288"
"2028","18872","35","11032","497"
"2029","95","25","11032","592"
"2030","1098","36","11033","412"
"2031","245","70","11033","633"
"2032","3020","15","11034","419"
"2033","1596","12","11034","495"
"2034","53","6","11034","838"
"2035","745","10","11035","15"
"2036","40","10","11035","60"
"2037","6588","60","11035","88"
"2038","294","30","11035","741"
"2039","28","7","11036","12"
"2040","1704","30","11036","825"
"2041","29","4","11037","790"
"2042","102","2","11038","409"
"2043","854","5","11038","470"
"2044","1903","30","11038","866"
"2045","316","20","11039","67"
"2046","3895","24","11039","145"
"2047","1098","60","11039","295"
"2048","235","28","11039","834"
"2049","8906","20","11040","514"
"2050","2526","30","11041","111"
"2051","336","30","11041","626"
"2052","162","4","11042","368"
"2053","217","15","11042","680"
"2054","227","10","11043","198"
"2055","365","12","11044","279"
"2056","1887","24","11045","110"
"2057","468","15","11045","587"
"2058","167","18","11046","600"
"2059","289","15","11046","645"
"2060","146","20","11046","790"
"2061","495","25","11047","247"
"2062","1120","30","11047","795"
"2063","727","42","11048","570"
"2064","65","4","11049","664"
"2065","31","10","11049","752"
"2066","2012","50","11050","152"
"2067","31","10","11051","49"
"2068","732","30","11052","26"
"2069","474","10","11052","316"
"2070","1281","35","11053","71"
"2071","2530","20","11053","307"
"2072","260","25","11053","661"
"2073","111","10","11054","724"
"2074","2440","20","11054","766"
"2075","64","20","11055","89"
"2076","3111","15","11055","435"
"2077","95","15","11055","634"
"2078","244","20","11055","714"
"2079","2074","50","11056","101"
"2080","1827","35","11056","190"
"2081","620","40","11056","847"
"2082","51","3","11057","788"
"2083","64","3","11058","311"
"2084","115","21","11058","395"
"2085","31","4","11058","761"
"2086","330","35","11059","54"
"2087","19984","12","11059","471"
"2088","267","30","11059","580"
"2089","7714","10","11060","524"
"2090","29","4","11060","682"
"2091","476","15","11061","139"
"2092","195","10","11062","297"
"2093","246","12","11062","590"
"2094","286","30","11063","176"
"2095","268","40","11063","646"
"2096","4095","30","11063","800"
"2097","1648","77","11064","183"
"2098","220","12","11064","301"
"2099","62","25","11064","854"
"2100","1006","55","11064","888"
"2101","160","4","11064","893"
"2102","1266","20","11065","416"
"2103","342","4","11065","899"
"2104","1372","3","11066","510"
"2105","479","42","11066","687"
"2106","308","35","11066","838"
"2107","40","9","11067","422"
"2108","4241","36","11068","85"
"2109","410","28","11068","283"
"2110","244","8","11068","412"
"2111","52","20","11069","894"
"2112","488","20","11070","11"
"2113","621","30","11070","23"
"2114","2148","40","11070","239"
"2115","308","20","11070","710"
"2116","87","10","11071","158"
"2117","183","15","11071","185"
"2118","622","22","11072","355"
"2119","5856","40","11072","699"
"2120","463","8","11072","757"
"2121","234","130","11072","798"
"2122","60","10","11073","734"
"2123","70","20","11073","753"
"2124","171","14","11074","755"
"2125","114","2","11075","292"
"2126","58194","30","11075","490"
"2127","4880","10","11075","546"
"2128","2769","10","11076","105"
"2129","170","20","11076","274"
"2130","196","20","11076","741"
"2131","374","4","11077","6"
"2132","2","1","11077","43"
"2133","107","2","11077","78"
"2134","377","2","11077","116"
"2135","129","2","11077","146"
"2136","64","2","11077","229"
"2137","93","2","11077","287"
"2138","170","3","11077","292"
"2139","153","1","11077","347"
"2140","16","1","11077","360"
"2141","9","4","11077","371"
"2142","3","1","11077","402"
"2143","488","2","11077","410"
"2144","1732","1","11077","516"
"2145","70","3","11077","525"
"2146","5","1","11077","593"
"2147","1","1","11077","595"
"2148","1757","24","11077","611"
"2149","40","1","11077","622"
"2150","131","2","11077","643"
"2151","61","4","11077","657"
"2152","115","2","11077","694"
"2153","20","2","11077","695"
"2154","2","2","11077","876"
"2155","242","2","11077","881"
