# SQL Manager Lite for MySQL 5.3.1.6
# ---------------------------------------
# Host     : 192.168.1.103
# Port     : 3306
# Database : BD_SSC


/*!40101 SET @OLD_CHARACTER_SET_CLIENT=@@CHARACTER_SET_CLIENT */;
/*!40101 SET @OLD_CHARACTER_SET_RESULTS=@@CHARACTER_SET_RESULTS */;
/*!40101 SET @OLD_COLLATION_CONNECTION=@@COLLATION_CONNECTION */;
/*!40101 SET NAMES utf8 */;

SET FOREIGN_KEY_CHECKS=0;

DROP DATABASE IF EXISTS `BD_SSC`;

CREATE DATABASE `BD_SSC`
    CHARACTER SET 'utf8'
    COLLATE 'utf8_spanish_ci';

USE `BD_SSC`;

SET sql_mode = '';

#
# Dropping database objects
#

DROP PROCEDURE IF EXISTS `obtenerClientes`;
DROP TABLE IF EXISTS `productos_anuncios`;
DROP TABLE IF EXISTS `precios`;
DROP TABLE IF EXISTS `parametrosNegocio`;
DROP TABLE IF EXISTS `lineasDeVentas`;
DROP TABLE IF EXISTS `ventas`;
DROP TABLE IF EXISTS `lineaDePedido`;
DROP TABLE IF EXISTS `pedidos`;
DROP TABLE IF EXISTS `productos`;
DROP TABLE IF EXISTS `subcategorias`;
DROP TABLE IF EXISTS `descuentos`;
DROP TABLE IF EXISTS `clientes_anuncios`;
DROP TABLE IF EXISTS `clientes`;
DROP TABLE IF EXISTS `categorias`;
DROP TABLE IF EXISTS `anuncios`;

#
# Structure for the `anuncios` table : 
#

CREATE TABLE `anuncios` (
  `idAnuncio` INTEGER(11) NOT NULL,
  `textoMensaje` VARCHAR(1000) COLLATE utf8_spanish_ci DEFAULT NULL,
  `fecha` DATETIME DEFAULT NULL,
  `estado` VARCHAR(20) COLLATE utf8_spanish_ci DEFAULT NULL,
  PRIMARY KEY USING BTREE (`idAnuncio`) COMMENT ''
)ENGINE=InnoDB
CHARACTER SET 'utf8' COLLATE 'utf8_spanish_ci'
COMMENT=''
;

#
# Structure for the `categorias` table : 
#

CREATE TABLE `categorias` (
  `idCategoria` INTEGER(11) NOT NULL AUTO_INCREMENT,
  `descripcion` VARCHAR(50) COLLATE utf8_spanish_ci DEFAULT NULL,
  PRIMARY KEY USING BTREE (`idCategoria`) COMMENT ''
)ENGINE=InnoDB
AUTO_INCREMENT=16 AVG_ROW_LENGTH=1092 CHARACTER SET 'utf8' COLLATE 'utf8_spanish_ci'
COMMENT=''
;

#
# Structure for the `clientes` table : 
#

CREATE TABLE `clientes` (
  `idCliente` INTEGER(11) NOT NULL AUTO_INCREMENT,
  `nombre` VARCHAR(50) COLLATE utf8_spanish_ci DEFAULT NULL,
  `apellido` VARCHAR(50) COLLATE utf8_spanish_ci DEFAULT NULL,
  `email` VARCHAR(100) COLLATE utf8_spanish_ci DEFAULT NULL,
  `especialidad` VARCHAR(50) COLLATE utf8_spanish_ci DEFAULT NULL,
  `tipo` TINYINT(1) DEFAULT NULL,
  `direccion` VARCHAR(50) COLLATE utf8_spanish_ci DEFAULT NULL,
  `telefono` VARCHAR(20) COLLATE utf8_spanish_ci DEFAULT NULL,
  PRIMARY KEY USING BTREE (`idCliente`) COMMENT ''
)ENGINE=InnoDB
AUTO_INCREMENT=92 AVG_ROW_LENGTH=180 CHARACTER SET 'utf8' COLLATE 'utf8_spanish_ci'
COMMENT=''
;

#
# Structure for the `clientes_anuncios` table : 
#

CREATE TABLE `clientes_anuncios` (
  `idCliente` INTEGER(11) NOT NULL,
  `idAnuncio` INTEGER(11) NOT NULL,
  PRIMARY KEY USING BTREE (`idCliente`, `idAnuncio`) COMMENT '',
   INDEX `idCliente` USING BTREE (`idCliente`) COMMENT '',
   INDEX `idAnuncio` USING BTREE (`idAnuncio`) COMMENT '',
  CONSTRAINT `clientes_anuncios_anuncio_fk2` FOREIGN KEY (`idAnuncio`) REFERENCES `anuncios` (`idAnuncio`) ON UPDATE CASCADE,
  CONSTRAINT `clientes_anuncios_cliente_fk1` FOREIGN KEY (`idCliente`) REFERENCES `clientes` (`idCliente`) ON UPDATE CASCADE
)ENGINE=InnoDB
CHARACTER SET 'utf8' COLLATE 'utf8_spanish_ci'
COMMENT=''
;

#
# Structure for the `descuentos` table : 
#

CREATE TABLE `descuentos` (
  `idDescuento` INTEGER(11) NOT NULL AUTO_INCREMENT,
  `fechaDesde` DATETIME DEFAULT NULL,
  `fechaHasta` DATETIME DEFAULT NULL,
  `descuento` FLOAT(9,3) DEFAULT NULL,
  `montoDesde` FLOAT(9,3) DEFAULT NULL,
  `montoHasta` FLOAT(9,3) DEFAULT NULL,
  PRIMARY KEY USING BTREE (`idDescuento`) COMMENT ''
)ENGINE=InnoDB
AUTO_INCREMENT=1 CHARACTER SET 'utf8' COLLATE 'utf8_spanish_ci'
COMMENT=''
;

#
# Structure for the `subcategorias` table : 
#

CREATE TABLE `subcategorias` (
  `idCategoria` INTEGER(11) NOT NULL,
  `idSubcategoria` INTEGER(11) NOT NULL,
  `descripcion` VARCHAR(50) COLLATE utf8_spanish_ci DEFAULT NULL,
  PRIMARY KEY USING BTREE (`idSubcategoria`, `idCategoria`) COMMENT '',
   INDEX `idCategoria` USING BTREE (`idCategoria`) COMMENT '',
  CONSTRAINT `subcategorias_fk1` FOREIGN KEY (`idCategoria`) REFERENCES `categorias` (`idCategoria`) ON UPDATE CASCADE
)ENGINE=InnoDB
AVG_ROW_LENGTH=140 CHARACTER SET 'utf8' COLLATE 'utf8_spanish_ci'
COMMENT=''
;

#
# Structure for the `productos` table : 
#

CREATE TABLE `productos` (
  `idProducto` INTEGER(11) NOT NULL AUTO_INCREMENT,
  `codProducto` VARCHAR(8) COLLATE utf8_spanish_ci NOT NULL,
  `nombre` VARCHAR(50) COLLATE utf8_spanish_ci DEFAULT NULL,
  `stock` INTEGER(11) UNSIGNED DEFAULT NULL,
  `idSubcategoria` INTEGER(11) DEFAULT NULL,
  PRIMARY KEY USING BTREE (`idProducto`) COMMENT '',
  UNIQUE INDEX `codProducto` USING BTREE (`codProducto`) COMMENT '',
   INDEX `idSubcategoria` USING BTREE (`idSubcategoria`) COMMENT '',
  CONSTRAINT `productos_subcategorias_fk1` FOREIGN KEY (`idSubcategoria`) REFERENCES `subcategorias` (`idSubcategoria`) ON UPDATE CASCADE
)ENGINE=InnoDB
AUTO_INCREMENT=902 AVG_ROW_LENGTH=92 CHARACTER SET 'utf8' COLLATE 'utf8_spanish_ci'
COMMENT=''
;

#
# Structure for the `pedidos` table : 
#

CREATE TABLE `pedidos` (
  `idPedido` INTEGER(11) NOT NULL AUTO_INCREMENT,
  `total` FLOAT(9,3) DEFAULT NULL,
  `fecha` DATETIME DEFAULT NULL,
  `estado` VARCHAR(50) COLLATE utf8_spanish_ci DEFAULT NULL,
  `idCliente` INTEGER(11) DEFAULT NULL,
  PRIMARY KEY USING BTREE (`idPedido`) COMMENT '',
   INDEX `idCliente` USING BTREE (`idCliente`) COMMENT '',
  CONSTRAINT `pedidos_cliente_fk1` FOREIGN KEY (`idCliente`) REFERENCES `clientes` (`idCliente`) ON UPDATE CASCADE
)ENGINE=InnoDB
AUTO_INCREMENT=1 CHARACTER SET 'utf8' COLLATE 'utf8_spanish_ci'
COMMENT=''
;

#
# Structure for the `lineaDePedido` table : 
#

CREATE TABLE `lineaDePedido` (
  `cantidad` INTEGER(11) DEFAULT NULL,
  `idPedido` INTEGER(11) NOT NULL,
  `idProducto` INTEGER(11) NOT NULL,
  PRIMARY KEY USING BTREE (`idPedido`, `idProducto`) COMMENT '',
   INDEX `idPedido` USING BTREE (`idPedido`) COMMENT '',
   INDEX `idProducto` USING BTREE (`idProducto`) COMMENT '',
  CONSTRAINT `lineaDePedido_fk1` FOREIGN KEY (`idProducto`) REFERENCES `productos` (`idProducto`) ON UPDATE CASCADE,
  CONSTRAINT `lineaDePedido_pedido_fk1` FOREIGN KEY (`idPedido`) REFERENCES `pedidos` (`idPedido`) ON UPDATE CASCADE
)ENGINE=InnoDB
CHARACTER SET 'utf8' COLLATE 'utf8_spanish_ci'
COMMENT=''
;

#
# Structure for the `ventas` table : 
#

CREATE TABLE `ventas` (
  `idVenta` INTEGER(11) NOT NULL AUTO_INCREMENT,
  `fecha` DATETIME DEFAULT NULL,
  `total` FLOAT(9,3) DEFAULT NULL,
  `idCliente` INTEGER(11) DEFAULT NULL,
  `idDescuento` INTEGER(11) DEFAULT NULL,
  PRIMARY KEY USING BTREE (`idVenta`) COMMENT '',
   INDEX `idCliente` USING BTREE (`idCliente`) COMMENT '',
   INDEX `idDescuento` USING BTREE (`idDescuento`) COMMENT '',
  CONSTRAINT `ventas_cliente_fk1` FOREIGN KEY (`idCliente`) REFERENCES `clientes` (`idCliente`) ON UPDATE CASCADE,
  CONSTRAINT `ventas_descuento_fk2` FOREIGN KEY (`idDescuento`) REFERENCES `descuentos` (`idDescuento`) ON UPDATE CASCADE
)ENGINE=InnoDB
AUTO_INCREMENT=11078 AVG_ROW_LENGTH=85 CHARACTER SET 'utf8' COLLATE 'utf8_spanish_ci'
COMMENT=''
;

#
# Structure for the `lineasDeVentas` table : 
#

CREATE TABLE `lineasDeVentas` (
  `subtotal` FLOAT(11,0) DEFAULT NULL,
  `cantidad` INTEGER(11) UNSIGNED DEFAULT NULL,
  `idVenta` INTEGER(11) NOT NULL,
  `idProducto` INTEGER(11) NOT NULL,
  PRIMARY KEY USING BTREE (`idVenta`, `idProducto`) COMMENT '',
   INDEX `idVenta` USING BTREE (`idVenta`) COMMENT '',
   INDEX `idProducto` USING BTREE (`idProducto`) COMMENT '',
  CONSTRAINT `lineasDeVentas_producto_fk2` FOREIGN KEY (`idProducto`) REFERENCES `productos` (`idProducto`) ON UPDATE CASCADE,
  CONSTRAINT `lineasDeVentas_venta_fk1` FOREIGN KEY (`idVenta`) REFERENCES `ventas` (`idVenta`) ON UPDATE CASCADE
)ENGINE=InnoDB
CHARACTER SET 'utf8' COLLATE 'utf8_spanish_ci'
COMMENT=''
;

#
# Structure for the `parametrosNegocio` table : 
#

CREATE TABLE `parametrosNegocio` (
  `membrete` VARCHAR(500) COLLATE utf8_spanish_ci NOT NULL,
  `ultIdPedido` INTEGER(11) NOT NULL
)ENGINE=InnoDB
CHARACTER SET 'utf8' COLLATE 'utf8_spanish_ci'
COMMENT=''
;

#
# Structure for the `precios` table : 
#

CREATE TABLE `precios` (
  `idPrecio` INTEGER(11) NOT NULL AUTO_INCREMENT,
  `precio` FLOAT(9,3) DEFAULT NULL,
  `fechaDesde` DATETIME DEFAULT NULL,
  `fechaHasta` DATETIME DEFAULT NULL,
  `precioPromocional` FLOAT(15,3) DEFAULT NULL,
  `idProducto` INTEGER(11) DEFAULT NULL,
  PRIMARY KEY USING BTREE (`idPrecio`) COMMENT '',
   INDEX `idProducto` USING BTREE (`idProducto`) COMMENT '',
  CONSTRAINT `precios_producto_fk1` FOREIGN KEY (`idProducto`) REFERENCES `productos` (`idProducto`) ON DELETE CASCADE
)ENGINE=InnoDB
AUTO_INCREMENT=1 CHARACTER SET 'utf8' COLLATE 'utf8_spanish_ci'
COMMENT=''
;

#
# Structure for the `productos_anuncios` table : 
#

CREATE TABLE `productos_anuncios` (
  `idProducto` INTEGER(11) NOT NULL,
  `idAnuncio` INTEGER(11) NOT NULL,
  PRIMARY KEY USING BTREE (`idAnuncio`, `idProducto`) COMMENT '',
   INDEX `idProducto` USING BTREE (`idProducto`) COMMENT '',
   INDEX `idAnuncio` USING BTREE (`idAnuncio`) COMMENT '',
  CONSTRAINT `productos_anuncios_anuncio_fk2` FOREIGN KEY (`idAnuncio`) REFERENCES `anuncios` (`idAnuncio`) ON UPDATE CASCADE,
  CONSTRAINT `productos_anuncios_producto_fk1` FOREIGN KEY (`idProducto`) REFERENCES `productos` (`idProducto`) ON UPDATE CASCADE
)ENGINE=InnoDB
CHARACTER SET 'utf8' COLLATE 'utf8_spanish_ci'
COMMENT=''
;

#
# Definition for the `obtenerClientes` procedure : 
#

DELIMITER $$

CREATE DEFINER = 'ssc_acceso'@'%' PROCEDURE `obtenerClientes`()
    DETERMINISTIC
    CONTAINS SQL
    SQL SECURITY DEFINER
    COMMENT ''
BEGIN
SELECT * FROM `clientes`;
END$$

DELIMITER ;

#
# Data for the `categorias` table  (LIMIT -484,500)
#

INSERT INTO `categorias` (`idCategoria`, `descripcion`) VALUES

  (1,'Anestesia'),
  (2,'Descartables'),
  (3,'Materiales P/Obturacion'),
  (4,'Cementos/Prov./Acrilicos'),
  (5,'Materiales P/Impresion'),
  (6,'Endodoncia'),
  (7,'Radiologia'),
  (8,'Instrumental'),
  (9,'Aparatologia'),
  (10,'Rotatorio'),
  (11,'Papeleria'),
  (12,'Medicamentos'),
  (13,'Varios'),
  (14,'Ortodoncia'),
  (15,'Implantes');
COMMIT;

#
# Data for the `clientes` table  (LIMIT -408,500)
#

INSERT INTO `clientes` (`idCliente`, `nombre`, `apellido`, `email`, `especialidad`, `tipo`, `direccion`, `telefono`) VALUES

  (1,'Maria','Anders','mariaanders@gmail.com','Sales Representative',NULL,'Obere Str. 57','030-0074321'),
  (2,'Ana','Trujillo','anatrujillo@gmail.com','Owner',NULL,'Avda. de la Constituci?n 2222','(5) 555-4729'),
  (3,'Antonio','Moreno','antoniomoreno@gmail.com','Owner',NULL,'Mataderos  2312','(5) 555-3932'),
  (4,'Thomas','Hardy','thomashardy@gmail.com','Sales Representative',NULL,'120 Hanover Sq.','(171) 555-7788'),
  (5,'Christina','Berglund','christinaberglund@gmail.com','Order Administrator',NULL,'Berguvsv?gen  8','0921-12 34 65'),
  (6,'Hanna','Moos','hannamoos@gmail.com','Sales Representative',NULL,'Forsterstr. 57','0621-08460'),
  (7,'Fr?d?rique','Citeaux','fr?d?riqueciteaux@gmail.com','Marketing Manager',NULL,'24, place Kl?ber','88.60.15.31'),
  (8,'Mart?n','Sommer','mart?nsommer@gmail.com','Owner',NULL,'C/ Araquil, 67','(91) 555 22 82'),
  (9,'Laurence','Lebihan','laurencelebihan@gmail.com','Owner',NULL,'12, rue des Bouchers','91.24.45.40'),
  (10,'Elizabeth','Lincoln','elizabethlincoln@gmail.com','Accounting Manager',NULL,'23 Tsawassen Blvd.','(604) 555-4729'),
  (11,'Victoria','Ashworth','victoriaashworth@gmail.com','Sales Representative',NULL,'Fauntleroy Circus','(171) 555-1212'),
  (12,'Patricio','Simpson','patriciosimpson@gmail.com','Sales Agent',NULL,'Cerrito 333','(1) 135-5555'),
  (13,'Francisco','Chang','franciscochang@gmail.com','Marketing Manager',NULL,'Sierras de Granada 9993','(5) 555-3392'),
  (14,'Yang','Wang','yangwang@gmail.com','Owner',NULL,'Hauptstr. 29','0452-076545'),
  (15,'Pedro','Afonso','pedroafonso@gmail.com','Sales Associate',NULL,'Av. dos Lus?adas, 23','(11) 555-7647'),
  (16,'Elizabeth','Brown','elizabethbrown@gmail.com','Sales Representative',NULL,'Berkeley Gardens 12  Brewery','(171) 555-2282'),
  (17,'Sven','Ottlieb','svenottlieb@gmail.com','Order Administrator',NULL,'Walserweg 21','0241-039123'),
  (18,'Janine','Labrune','janinelabrune@gmail.com','Owner',NULL,'67, rue des Cinquante Otages','40.67.88.88'),
  (19,'Ann','Devon','anndevon@gmail.com','Sales Agent',NULL,'35 King George','(171) 555-0297'),
  (20,'Roland','Mendel','rolandmendel@gmail.com','Sales Manager',NULL,'Kirchgasse 6','7675-3425'),
  (21,'Aria','Cruz','ariacruz@gmail.com','Marketing Assistant',NULL,'Rua Or?s, 92','(11) 555-9857'),
  (22,'Diego','Roel','diegoroel@gmail.com','Accounting Manager',NULL,'C/ Moralzarzal, 86','(91) 555 94 44'),
  (23,'Martine','Ranc?','martineranc?@gmail.com','Assistant Sales Agent',NULL,'184, chauss?e de Tournai','20.16.10.16'),
  (24,'Maria','Larsson','marialarsson@gmail.com','Owner',NULL,'?kergatan 24','0695-34 67 21'),
  (25,'Peter','Franken','peterfranken@gmail.com','Marketing Manager',NULL,'Berliner Platz 43','089-0877310'),
  (26,'Carine','Schmitt','carineschmitt@gmail.com','Marketing Manager',NULL,'54, rue Royale','40.32.21.21'),
  (27,'Paolo','Accorti','paoloaccorti@gmail.com','Sales Representative',NULL,'Via Monte Bianco 34','011-4988260'),
  (28,'Lino','Rodriguez','linorodriguez@gmail.com','Sales Manager',NULL,'Jardim das rosas n. 32','(1) 354-2534'),
  (29,'Eduardo','Saavedra','eduardosaavedra@gmail.com','Marketing Manager',NULL,'Rambla de Catalu?a, 23','(93) 203 4560'),
  (30,'Jos?','Pedro','jos?pedro@gmail.com','Sales Manager',NULL,'C/ Romero, 33','(95) 555 82 82'),
  (31,'Andr?','Fonseca','andr?fonseca@gmail.com','Sales Associate',NULL,'Av. Brasil, 442','(11) 555-9482'),
  (32,'Howard','Snyder','howardsnyder@gmail.com','Marketing Manager',NULL,'2732 Baker Blvd.','(503) 555-7555'),
  (33,'Manuel','Pereira','manuelpereira@gmail.com','Owner',NULL,'5? Ave. Los Palos Grandes','(2) 283-2951'),
  (34,'Mario','Pontes','mariopontes@gmail.com','Accounting Manager',NULL,'Rua do Pa?o, 67','(21) 555-0091'),
  (35,'Carlos','Hern?ndez','carloshern?ndez@gmail.com','Sales Representative',NULL,'Carrera 22 con Ave. Carlos Soublette #8-35','(5) 555-1340'),
  (36,'Yoshi','Latimer','yoshilatimer@gmail.com','Sales Representative',NULL,'City Center Plaza 516 Main St.','(503) 555-6874'),
  (37,'Patricia','McKenna','patriciamckenna@gmail.com','Sales Associate',NULL,'8 Johnstown Road','2967 542'),
  (38,'Helen','Bennett','helenbennett@gmail.com','Marketing Manager',NULL,'Garden House Crowther Way','(198) 555-8888'),
  (39,'Philip','Cramer','philipcramer@gmail.com','Sales Associate',NULL,'Maubelstr. 90','0555-09876'),
  (40,'Daniel','Tonini','danieltonini@gmail.com','Sales Representative',NULL,'67, avenue de l''Europe','30.59.84.10'),
  (41,'Annette','Roulet','annetteroulet@gmail.com','Sales Manager',NULL,'1 rue Alsace-Lorraine','61.77.61.10'),
  (42,'Yoshi','Tannamuri','yoshitannamuri@gmail.com','Marketing Assistant',NULL,'1900 Oak St.','(604) 555-3392'),
  (43,'John','Steel','johnsteel@gmail.com','Marketing Manager',NULL,'12 Orchestra Terrace','(509) 555-7969'),
  (44,'Renate','Messner','renatemessner@gmail.com','Sales Representative',NULL,'Magazinweg 7','069-0245984'),
  (45,'Jaime','Yorres','jaimeyorres@gmail.com','Owner',NULL,'87 Polk St. Suite 5','(415) 555-5938'),
  (46,'Carlos','Gonz?lez','carlosgonz?lez@gmail.com','Accounting Manager',NULL,'Carrera 52 con Ave. Bol?var #65-98 Llano Largo','(9) 331-6954'),
  (47,'Felipe','Izquierdo','felipeizquierdo@gmail.com','Owner',NULL,'Ave. 5 de Mayo Porlamar','(8) 34-56-12'),
  (48,'Fran','Wilson','franwilson@gmail.com','Sales Manager',NULL,'89 Chiaroscuro Rd.','(503) 555-9573'),
  (49,'Giovanni','Rovelli','giovannirovelli@gmail.com','Marketing Manager',NULL,'Via Ludovico il Moro 22','035-640230'),
  (50,'Catherine','Dewey','catherinedewey@gmail.com','Sales Agent',NULL,'Rue Joseph-Bens 532','(02) 201 24 67'),
  (51,'Jean','Fresni?re','jeanfresni?re@gmail.com','Marketing Assistant',NULL,'43 rue St. Laurent','(514) 555-8054'),
  (52,'Alexander','Feuer','alexanderfeuer@gmail.com','Marketing Assistant',NULL,'Heerstr. 22','0342-023176'),
  (53,'Simon','Crowther','simoncrowther@gmail.com','Sales Associate',NULL,'South House 300 Queensbridge','(171) 555-7733'),
  (54,'Yvonne','Moncada','yvonnemoncada@gmail.com','Sales Agent',NULL,'Ing. Gustavo Moncada 8585 Piso 20-A','(1) 135-5333'),
  (55,'Rene','Phillips','renephillips@gmail.com','Sales Representative',NULL,'2743 Bering St.','(907) 555-7584'),
  (56,'Henriette','Pfalzheim','henriettepfalzheim@gmail.com','Owner',NULL,'Mehrheimerstr. 369','0221-0644327'),
  (57,'Marie','Bertrand','mariebertrand@gmail.com','Owner',NULL,'265, boulevard Charonne','(1) 42.34.22.66'),
  (58,'Guillermo','Fern?ndez','guillermofern?ndez@gmail.com','Sales Representative',NULL,'Calle Dr. Jorge Cash 321','(5) 552-3745'),
  (59,'Georg','Pipps','georgpipps@gmail.com','Sales Manager',NULL,'Geislweg 14','6562-9722'),
  (60,'Isabel','de','isabelde@gmail.com','Sales Representative',NULL,'Estrada da sa?de n. 58','(1) 356-5634'),
  (61,'Bernardo','Batista','bernardobatista@gmail.com','Accounting Manager',NULL,'Rua da Panificadora, 12','(21) 555-4252'),
  (62,'L?cia','Carvalho','l?ciacarvalho@gmail.com','Marketing Assistant',NULL,'Alameda dos Can?rios, 891','(11) 555-1189'),
  (63,'Horst','Kloss','horstkloss@gmail.com','Accounting Manager',NULL,'Taucherstra?e 10','0372-035188'),
  (64,'Sergio','Guti?rrez','sergioguti?rrez@gmail.com','Sales Representative',NULL,'Av. del Libertador 900','(1) 123-5555'),
  (65,'Paula','Wilson','paulawilson@gmail.com','Assistant Sales Representative',NULL,'2817 Milton Dr.','(505) 555-5939'),
  (66,'Maurizio','Moroni','mauriziomoroni@gmail.com','Sales Associate',NULL,'Strada Provinciale 124','0522-556721'),
  (67,'Janete','Limeira','janetelimeira@gmail.com','Assistant Sales Agent',NULL,'Av. Copacabana, 267','(21) 555-3412'),
  (68,'Michael','Holz','michaelholz@gmail.com','Sales Manager',NULL,'Grenzacherweg 237','0897-034214'),
  (69,'Alejandra','Camino','alejandracamino@gmail.com','Accounting Manager',NULL,'Gran V?a, 1','(91) 745 6200'),
  (70,'Jonas','Bergulfsen','jonasbergulfsen@gmail.com','Owner',NULL,'Erling Skakkes gate 78','07-98 92 35'),
  (71,'Jose','Pavarotti','josepavarotti@gmail.com','Sales Representative',NULL,'187 Suffolk Ln.','(208) 555-8097'),
  (72,'Hari','Kumar','harikumar@gmail.com','Sales Manager',NULL,'90 Wadhurst Rd.','(171) 555-1717'),
  (73,'Jytte','Petersen','jyttepetersen@gmail.com','Owner',NULL,'Vinb?ltet 34','31 12 34 56'),
  (74,'Dominique','Perrier','dominiqueperrier@gmail.com','Marketing Manager',NULL,'25, rue Lauriston','(1) 47.55.60.10'),
  (75,'Art','Braunschweiger','artbraunschweiger@gmail.com','Sales Manager',NULL,'P.O. Box 555','(307) 555-4680'),
  (76,'Pascale','Cartrain','pascalecartrain@gmail.com','Accounting Manager',NULL,'Boulevard Tirou, 255','(071) 23 67 22 20'),
  (77,'Liz','Nixon','liznixon@gmail.com','Marketing Manager',NULL,'89 Jefferson Way Suite 2','(503) 555-3612'),
  (78,'Liu','Wong','liuwong@gmail.com','Marketing Assistant',NULL,'55 Grizzly Peak Rd.','(406) 555-5834'),
  (79,'Karin','Josephs','karinjosephs@gmail.com','Marketing Manager',NULL,'Luisenstr. 48','0251-031259'),
  (80,'Miguel','Angel','miguelangel@gmail.com','Owner',NULL,'Avda. Azteca 123','(5) 555-2933'),
  (81,'Anabela','Domingues','anabeladomingues@gmail.com','Sales Representative',NULL,'Av. In?s de Castro, 414','(11) 555-2167'),
  (82,'Helvetius','Nagy','helvetiusnagy@gmail.com','Sales Associate',NULL,'722 DaVinci Blvd.','(206) 555-8257'),
  (83,'Palle','Ibsen','palleibsen@gmail.com','Sales Manager',NULL,'Smagsloget 45','86 21 32 43'),
  (84,'Mary','Saveley','marysaveley@gmail.com','Sales Agent',NULL,'2, rue du Commerce','78.32.54.86'),
  (85,'Paul','Henriot','paulhenriot@gmail.com','Accounting Manager',NULL,'59 rue de l''Abbaye','26.47.15.10'),
  (86,'Rita','M?ller','ritam?ller@gmail.com','Sales Representative',NULL,'Adenauerallee 900','0711-020361'),
  (87,'Pirkko','Koskitalo','pirkkokoskitalo@gmail.com','Accounting Manager',NULL,'Torikatu 38','981-443655'),
  (88,'Paula','Parente','paulaparente@gmail.com','Sales Manager',NULL,'Rua do Mercado, 12','(14) 555-8122'),
  (89,'Karl','Jablonski','karljablonski@gmail.com','Owner',NULL,'305 - 14th Ave. S. Suite 3B','(206) 555-4112'),
  (90,'Matti','Karttunen','mattikarttunen@gmail.com','Owner/Marketing Assistant',NULL,'Keskuskatu 45','90-224 8858'),
  (91,'Zbyszek','Piestrzeniewicz','zbyszekpiestrzeniewicz@gmail.com','Owner',NULL,'ul. Filtrowa 68','(26) 642-7012');
COMMIT;

#
# Data for the `subcategorias` table  (LIMIT -382,500)
#

INSERT INTO `subcategorias` (`idCategoria`, `idSubcategoria`, `descripcion`) VALUES

  (2,1,'Agujas/Bisturí'),
  (2,2,'Algodón/Gasas'),
  (2,3,'Aplicadores'),
  (2,4,'Baberos'),
  (2,5,'Barbijos'),
  (2,6,'Otros'),
  (2,7,'Equipos'),
  (2,8,'Guantes'),
  (3,1,'Acidos'),
  (3,2,'Adhesivos/Cementos'),
  (3,3,'Aleaciones'),
  (3,4,'Ionomeros'),
  (3,5,'Jeringas'),
  (3,6,'Selladores'),
  (3,7,'Varios'),
  (4,1,'Acrilicos'),
  (4,2,'Cementos'),
  (4,3,'Monomeros'),
  (4,4,'Varios'),
  (5,1,'Activadores'),
  (5,2,'Alginatos'),
  (5,3,'Ceras'),
  (5,4,'Pastas'),
  (5,5,'Yesos'),
  (5,6,'Varios'),
  (6,1,'Conos'),
  (6,2,'Cuñas'),
  (6,3,'Escareadores'),
  (6,4,'Espaciadores'),
  (6,5,'Limas'),
  (6,6,'Mangos'),
  (6,7,'Pastas'),
  (6,8,'Pernos'),
  (6,9,'Postes'),
  (6,10,'Tiranervios'),
  (6,11,'Varios'),
  (7,1,'Porta Peliculas'),
  (7,2,'Radiografías'),
  (7,3,'Fijadores/Reveladores'),
  (7,4,'Varios'),
  (8,1,'Atacadores'),
  (8,2,'Bandejas'),
  (8,3,'Cajas'),
  (8,4,'Cubetas'),
  (8,5,'Curetas'),
  (8,6,'Espaciadores'),
  (8,7,'Espátulas'),
  (8,8,'Espejos'),
  (8,9,'Excavadores'),
  (8,10,'Exploradores'),
  (8,11,'Extractores'),
  (8,12,'Forceps'),
  (8,13,'Jeringas'),
  (8,14,'Limas P/Hueso'),
  (8,15,'Mangos'),
  (8,16,'Obturadores'),
  (8,17,'Osteotomo'),
  (8,18,'Pinzas'),
  (8,19,'Porta Elementos'),
  (8,20,'Talladores'),
  (8,21,'Tambores'),
  (8,22,'Tijeras'),
  (8,23,'Varios'),
  (9,1,'Compresores'),
  (9,2,'Contra Angulos'),
  (9,3,'Esterilizadoras'),
  (9,4,'Gabinetes'),
  (9,5,'Lámparas'),
  (9,6,'Lavadoras'),
  (9,7,'Micromotores'),
  (9,8,'Módulos'),
  (9,9,'Sacafresas'),
  (9,10,'Tornos'),
  (9,11,'Turbinas'),
  (9,12,'Varios'),
  (10,1,'Cepillos'),
  (10,2,'Discos'),
  (10,3,'Fresas/Fresones'),
  (10,4,'Piedras'),
  (10,5,'Pulidores'),
  (10,6,'Varios'),
  (11,1,'Ambos'),
  (11,2,'Chaquetas'),
  (11,3,'Pantalones'),
  (11,4,'Varios'),
  (12,1,'Desinfectantes'),
  (12,2,'Detectores'),
  (12,3,'Pastas'),
  (12,4,'Varios'),
  (13,1,'Abre Bocas'),
  (13,2,'Blanqueadores'),
  (13,3,'Bucal Tac'),
  (13,4,'Cepillos'),
  (13,5,'Coronitas'),
  (13,6,'Cubetas'),
  (13,7,'Dientes'),
  (13,8,'Esponjeros'),
  (13,9,'Freseros'),
  (13,10,'Lentes'),
  (13,11,'Matrices'),
  (13,12,'Placas'),
  (13,13,'Vasos'),
  (13,14,'Varios'),
  (14,1,'Alambres'),
  (14,2,'Alicates/Pinzas'),
  (14,3,'Arcos'),
  (14,4,'Brackets'),
  (14,5,'Bandas'),
  (14,6,'Botones'),
  (14,7,'Ligaduras'),
  (14,8,'Resortes'),
  (14,9,'Separadores'),
  (14,10,'Soldaduras'),
  (14,11,'Tonillos'),
  (14,12,'Tubos'),
  (14,13,'Zócalos'),
  (14,14,'Varios');
COMMIT;

#
# Data for the `productos` table  (LIMIT 1,500)
#

INSERT INTO `productos` (`idProducto`, `codProducto`, `nombre`, `stock`, `idSubcategoria`) VALUES

  (1,'A0103','ANESTESIA ANESCART FORTR X50.',38,NULL),
  (2,'A0111','ANESTESIA KLEPP TOPICAL',111,NULL),
  (3,'4','ANESTESIA MUCO-ANESTYL GEL 50G',286,NULL),
  (4,'A0107','ANESTESIA SCANDONEST 3% S.V.C.',314,NULL),
  (5,'245','ANESTESIA SPRAY INDICAN',274,NULL),
  (6,'69','ANESTESIA TOTALCAINA X 50',97,NULL),
  (7,'A4','INDICAN GEL',291,NULL),
  (8,'1','XYLOCAINA DENTSPLY X 50',131,NULL),
  (9,'C1485','AGUJAS C/HILO KEEPER',131,1),
  (10,'A1485','AGUJAS CON HILO',133,1),
  (11,'A0203','AGUJAS NIPRO/MISAWA/DELTAJET',240,1),
  (12,'196','ALGODON EN ROLLOS X 2',416,2),
  (13,'A1531','ALGODON PAROTISROLL ROEKOLIMPI',280,2),
  (14,'B202','APLICADORES DESC. X 100',483,3),
  (15,'A1462','APLICADORES INTRAORAL 3M X96 E',298,3),
  (16,'B363','APLICADORES X 25 MICROBRUSH',385,3),
  (17,'A1468','BABEROS COMPRESAS X 125 CROSS',424,4),
  (18,'A1476','BABEROS LISOS X 100',331,4),
  (19,'B206','BARBIJO 3M. MASCARILLA',151,4),
  (20,'A1466','BARBIJOS CROSSTEX X 50',407,5),
  (21,'A1427','BARBIJOS PAQUETE X 50',181,5),
  (22,'E205','BOLSAS AUTOCLAVE 30X46 X 100',176,6),
  (23,'D205','BOLSAS P/ESTERILIZAR BANDEJA',254,6),
  (24,'B154','CADENAS P/ BABEROS NIÑOS',301,4),
  (25,'154','CADENAS P/BABEROS METALICA',270,4),
  (26,'A846','CANULA DE ACERO',173,6),
  (27,'846','CANULAS CROSSTEX X 100',196,6),
  (28,'C1463','CEPILLITOS ULTABRUSH C/MANGO',1,6),
  (29,'B205','COMPRESAS X 100',498,2),
  (30,'A205','COMPRESAS X100 QUALITY',284,2),
  (31,'B212','CUBETAS P/FLUOR TERG.',453,6),
  (32,'C0205','DESCARTADOR AGUJAS A BOTON',351,1),
  (33,'B0205','DESCARTADOR DE AGUJAS',446,1),
  (34,'B1476','EQUIPO ODONT. DESC. P/CIRUGIA',402,7),
  (35,'C1476','EQUIPO P/IMPLANTE BLANCO',81,7),
  (36,'D1476','EQUIPO P/IMPLANTE AZUL',384,7),
  (37,'199','EYECTORES DESCARTABLES X 100',64,6),
  (38,'A199','EYECTORES ESPIRALADOS',22,6),
  (39,'A1401','GASA EN TROZOS 1/2K. IRREGULAR',465,2),
  (40,'A1404','GOMA DIQUE DENSELL',182,6),
  (41,'A1443','GOMA DIQUE NACIONAL',14,6),
  (42,'572','GUANTES DE NITRILO',67,8),
  (43,'A570','GUANTES ESTERILES',49,8),
  (44,'570','GUANTES PRIMEX/DENSELL S/TALCO',74,8),
  (45,'571','GUANTES VICTORIA LISO',252,8),
  (46,'161','HILO SUTURA NEGRO FARMADENTAL',157,1),
  (47,'219','HOJAS BISTURI NÑ15 IMPORTADAS',234,1),
  (48,'A219','HOJAS DE BISTURI NÑ 15 XINDA',314,1),
  (49,'A1482','KIT DESC. ESPEJO EXPLORADOR',389,6),
  (50,'E1446','LABIA-EX ABRE LABIOS',324,6),
  (51,'B846','MIRASUCTO PTA. DE ASPIRACION',28,6),
  (52,'A1463','PINCELES DESCARTABLES X 50',474,6),
  (53,'C846','POLIMATIC PTAS. ASPIRACION',278,6),
  (54,'D846','POLYSUC ASPIRACION REDONDA',306,6),
  (55,'B502','PUNTAS ORAL TIPS X 48',386,6),
  (56,'B1340','REP. TOALLAS CLEAN-UP',94,6),
  (57,'A0006','ROLLO P/ESTERILIZAR X 15CM.',153,2),
  (58,'A0007','ROLLO P/ESTERILIZAR X 20 CM.',3,2),
  (59,'C1440','SOTENEDORES ROLLOS ALG. MET.',15,2),
  (60,'A1407','TIRAS ACETATO GABRICEL',492,6),
  (61,'150','TIRAS DE ACERO P/AMALGAMA DMG',428,6),
  (62,'A1423','TIRAS P/PULIR COMP.NOWET X 100',352,6),
  (63,'A1020','ABSOLUTE DENTIN PARKELL',9,7),
  (64,'A19','ACIDO COLTENE JER. 2.5 ML.',264,1),
  (65,'B244','ACIDO FLUORIDRICO',141,1),
  (66,'A244','ACIDO JER. X 2 O 3 GRS',60,1),
  (67,'244','ACONDIC. JERINGA ACIDO X 12 GS',48,7),
  (68,'A1041','ADH.TE ECONOM X5ML.',424,2),
  (69,'C1044','ADHESIVO ADPER EASY ONE 3M.',34,2),
  (70,'A1075','ADHESIVO DE FOTO ONE COAT BOND',306,2),
  (71,'B1073','ADHESIVO EASYBOND-ONE STEP',294,2),
  (72,'841','ADHESIVO MULTIPROPOSITO',425,2),
  (73,'442','ADHESIVO OPTIBOND S KERR',443,2),
  (74,'346','ADHESIVO PRIMA&BOND X 4ML.',377,2),
  (75,'B1044','ADHESIVO SINGLE BOND II X 3ML.',89,2),
  (76,'181','ALEACION CONTOUR KERR 30 GRS.',377,3),
  (77,'74','ALEACION EXIDENT X30 GRS.',236,3),
  (78,'75','AMALGAMA BELKYS',273,3),
  (79,'188','AMALGAMA CAP.X 10',367,3),
  (80,'B182','AMALGAMA NU ALLOY X 80',58,3),
  (81,'277','BARNIZ BAXIM. X 20ML.DICKINSON',375,2),
  (82,'D0010','BIOCLIP FOTO C/U JER. TEMPORAL',249,2),
  (83,'A1052','C0MP. JER. FILTEK Z250 3M',129,2),
  (84,'A1067','CEMENTO ARC CLIKER REFILL 3M.',122,2),
  (85,'A0300','CEMENTO C&B BISCO AUTO',472,2),
  (86,'A301','CEMENTO DUAL ALLCEM FGM. X5GRS',52,2),
  (87,'A300','CEMENTO DUAL DUOLINK',350,2),
  (88,'B0300','CEMENTO RESINA DUAL VENTURA JE',462,2),
  (89,'B0312','CEMENTO TEMP.TEMP-BOND',325,2),
  (90,'B306','COMP. FLUIDO BISCO- AELITEFLOW',146,2),
  (91,'A1053','COMP. JER. FILTEK P60 3M',54,2),
  (92,'A1083','COMP. SER. BIOFIX P/ BRAQUETES',121,2),
  (93,'A1021','COMP. TETRIC CERAM. JER. X 4GR',176,2),
  (94,'A1016','COMP. Z 100 JER X 4 GRS.',382,2),
  (95,'D0008','COMPOSITE FLOW MASTER FLOW',256,2),
  (96,'D0009','COMPOSITE FOTO. JER. X 4GRS.',101,2),
  (97,'A1002','COMPOSITE HELIOSIT ORTHOD.C/U',452,2),
  (98,'A1073','COMPOSITE JER. ROK',301,2),
  (99,'B1053','COMPOSITE SUREFIL X 5',95,2),
  (100,'A1038','DURATEMP',460,7),
  (101,'D0300','ENFORCE CORE KIT',339,7),
  (102,'B1047','ESTHET-X JERINGA REP.',411,7),
  (103,'D0001','HIDROX. DE CALCIO FOTO.BIOCAL',303,7),
  (104,'A0339','IONO. DENSELL AUTOCURADO IYII',53,4),
  (105,'A0327','IONO. KETAC MOLAR ESPE AVIO',196,4),
  (106,'B0339','IONOM. GAMMA O EGEO I Y II',136,4),
  (107,'B0340','IONOM. KETAC CEN 15 GR.',452,4),
  (108,'A0329','IONOM. MAXXION RESTAURACION',78,4),
  (109,'A0301','IONOM. RIVA CAPSULAS X 10 SDI',24,4),
  (110,'A0325','IONOM. VITREMER POLVO AZUL',403,4),
  (111,'A0305','IONOM. VITRO FILL Y CEM.',365,4),
  (112,'A0314','IONOMERO AVIO MERON P. Y LIQ.',380,4),
  (113,'A0482','IONOMERO DENSELL A.R.T.',199,4),
  (114,'A0481','IONOMERO DENSELL MP LC. REST.',492,4),
  (115,'B302','IONOMERO DMG LINER P/BASE',210,4),
  (116,'A0326','IONOMERO FUJI II FOTOCURADO',67,4),
  (117,'A0312','IONOMERO FUJI TIPO I CEMENTADO',228,4),
  (118,'A0313','IONOMERO FUJI TIPO II OBTURACI',378,4),
  (119,'C0339','IONOMERO GAMMA FOTO.X10 AVIO',274,4),
  (120,'A0315','IONOMERO IONOFIL AVIO',104,4),
  (121,'B0315','IONOMERO IONOFIL MOLAR AVIO',225,4),
  (122,'A0340','IONOMERO KETAC CEM AVIO',178,4),
  (123,'A0304','IONOMERO MEGA X 10 GR.',180,4),
  (124,'A0318','IONOMERO RIVA LUTING PLUS X25',138,4),
  (125,'A0317','IONOMERO SECURAFIL LC',360,4),
  (126,'A0316','IONOMERO VITREBOND DE FOTO.',446,4),
  (127,'A0321','IONOMERO VITREMER AVIO',473,4),
  (128,'A0309','IONOMERO VITREMER PRIMER',42,4),
  (129,'B0307','IONOSEAL VOCO',364,7),
  (130,'62','JER. FILTEX Z 350',416,5),
  (131,'A1061','JER.FLOW KRYSTAL X 2 GR.',186,5),
  (132,'A1084','JERINGA 1GR. COMP. FLUIDO WAVE',35,5),
  (133,'A1082','JERINGA AELITE POSTERIOR',420,5),
  (134,'A1079','JERINGA BRILLANT NEWLINE',204,5),
  (135,'A1039','JERINGA COMP. ECO-FLOW',12,5),
  (136,'A1015','JERINGA LLIS 4 GRS.',470,5),
  (137,'B1015','JERINGA OPALLIIS OPACO',316,5),
  (138,'A1003','JERINGA PRIMEDENT COMP.',482,5),
  (139,'A1000','JERINGA PRODIGY',484,5),
  (140,'A1069','JERINGA SUPER COOR X 5 GRS.',485,5),
  (141,'A1026','JERINGA TETRIC X 4 GRS.',378,5),
  (142,'A1046','JERINGA TPH 3',86,5),
  (143,'B1017','JERINGA VENTURA FLOWLUX FLUIDO',427,5),
  (144,'C1017','JERINGA VENTURA NANOLUX X4.5 G',377,5),
  (145,'D0002','KIT X 4 MASTER FILL BOND AC. A',53,7),
  (146,'B1045','OPACIFICADOR OPAK P/METAL-DENT',362,7),
  (147,'B0308','PROVICOL / Q-TEMP',319,7),
  (148,'D0011','RESTAURADOR DE FOTO CLIP F X1',323,7),
  (149,'A0343','SEALER 26',357,7),
  (150,'A258','SELLADOR CLINPRO 3M JERINGA',146,6),
  (151,'D0004','SELLADOR DE AUTO',384,6),
  (152,'B304','SELLADOR DENSELL AUTOCURADO',76,6),
  (153,'D0005','SELLADOR JER.FOT.X 2.5 GRS',348,6),
  (154,'B1085','SELLADOR JERIN. CONSEAL - KLEP',347,6),
  (155,'18','SILANO',306,7),
  (156,'B0325','VITREMER POLVO X 9 GR.',38,7),
  (157,'A1054','VTREMER LIQUIDO REPUESTO',100,7),
  (158,'208','ACRILICO BERA . COLOR 62-45GR',336,1),
  (159,'A0703','ACRILICO CRILENE X 60 GR',188,1),
  (160,'209','ACRILICO DURALAY PROVISORIO',191,1),
  (161,'A0709','ACRILICO NEWCRYL X 40 GRS C YP',455,1),
  (162,'170','ACRILICO SUBITON CRISTAL X200',261,1),
  (163,'42','ACRILICO SUBITON ROSA X 400',481,1),
  (164,'A0710','ACRILICO VAICEL CORONA X 100GR',19,1),
  (165,'169','ACRILICO VAICEL ROSA X 40',308,1),
  (166,'B171','CEM. FOSF. DE ZINC LIQ. PROTHO',462,2),
  (167,'377','CEM. FOSF. HARVARD AVIO CLINIC',217,2),
  (168,'376','CEM. FOSF. HARVARD AVIO NORMAL',435,2),
  (169,'A0506','CEM. PROV. PROVIS',145,2),
  (170,'279','CEM. QUIRURGICO AVIO DICKINSON',228,2),
  (171,'174','CEM. ZOER CARYOSAN X 85GRS.',363,2),
  (172,'312','CEM.GROSSMAN AVIO DICKINSON',379,2),
  (173,'281','CEM.QUIRURGICO LIQ.DICKINSON',82,2),
  (174,'A172','CEMEN. IRC OXIDO DE ZINC EUG.',254,2),
  (175,'A376','CEMENTO DE FOSFATO FUYI',215,2),
  (176,'25','CEMENTO FOSFATO DENSELL',150,2),
  (177,'A365','CEMENTO GROSSMAN LIQUIDO',237,2),
  (178,'B376','CEMENTO OXIFOSF. MASTER-DENT',59,2),
  (179,'B1312','CEMENTO QUIRURGICO POLVO',149,2),
  (180,'A379','CEMENTO TEMPORARIO 3M',262,2),
  (181,'172','CEMENTO ZOER S DE O. DE ZINC.',251,2),
  (182,'A400','DURALAY ROJO AVIO 1 OZ.',327,4),
  (183,'313','EUGENOL DICKINSON',13,4),
  (184,'B401','MONOMERO P/CUBETAS X200',167,3),
  (185,'A207','MONOMERO SUBITON X 60 ML',216,3),
  (186,'A45','MONOMERO VAICEL X 45 CC',56,3),
  (187,'C45','MONOMERO X 20 ML',27,3),
  (188,'A0702','MONOMERO X 500 SUBITON',238,3),
  (189,'A279','PERIOBOND',233,4),
  (190,'A0502','PROVISORIO 3M',334,2),
  (191,'406','PROVISORIO DMG',184,2),
  (192,'A1037','RESTAURADOR TEMP. DENSELL FOTO',317,4),
  (193,'D1106','ACOND.SOFT DENT EGEO',250,6),
  (194,'A1103','ACONDIC. DENTUFLEX AVIO',147,6),
  (195,'A1106','ACONDIC. DENTUSOF AVIO',438,6),
  (196,'229','ACTIVADOR COLTEX O DENSELL',286,1),
  (197,'A1155','ACTIVADOR INDURENT',275,1),
  (198,'A1156','ACTIVADOR LASTIC X 60ML.',254,1),
  (199,'80','ACTIVADOR PRECISE',213,1),
  (200,'A1121','ACTIVADOR VENTURA X 20ML.',41,1),
  (201,'B1111','ALGINATO ALGIMAX',157,2),
  (202,'A1115','ALGINATO CA 37 PINK BOLSA X 1',130,2),
  (203,'B511','ALGINATO HIDROGUM SOFT',276,2),
  (204,'A73','ALGINATO JELTRATE PLUS',183,2),
  (205,'A1111','ALGINATO KROMOPAN',272,2),
  (206,'A111','ALGINATO MILENIUM',139,2),
  (207,'755','ALGINATO SOBRE X 18 GRS. PHASE',343,2),
  (208,'A1172','ALGINATO VIVAL DE VIVADENT X 5',240,2),
  (209,'D212','CERA AZUL EN BARRA C/U',445,3),
  (210,'B1124','CERA BEAUTY PINK C/U',199,3),
  (211,'A1124','CERA VAICRIL X 200GRS.',233,3),
  (212,'89','COLTEX FINE S/CATALIZADOR',194,6),
  (213,'C310','COMBO ELITE P&P TRIAL KIT',325,6),
  (214,'B503','COMP. P/MODELAR X 12 LAPICES',498,6),
  (215,'A1130','COMP.P/MOD.PLANCHAS- LAPIZ HAR',455,6),
  (216,'213','COMPUESTO BERA PLANCHAS ROJAS',286,6),
  (217,'B1129','COMPUESTO VERDE LAPIZ C/U',218,6),
  (218,'B506','ELITE REG./FLUIDA X 180 POMO',207,6),
  (219,'A1128','HYDROXTREME PUTTY SOFT',135,6),
  (220,'A1114','INDIVIDO LUX C/SOBRE',313,6),
  (221,'A1363','JERINGA DESC. P/SILICONAS',361,6),
  (222,'B1168','PANASIL INITIAL CARTUCHO 2',460,6),
  (223,'83','PASTA COLTOFLAX X 1000 GRS.',388,6),
  (224,'A1161','PASTA ELITE HD LIGHT X 96ML FL',24,4),
  (225,'A1162','PASTA ELITE P&PMASA PUTTY NORM',453,4),
  (226,'78','PASTA FLUIDA PRECISE',436,4),
  (227,'A1152','PASTA FLUIDA THIXOFLEX',408,4),
  (228,'A1120','PASTA FLUIDA VENTURA',346,4),
  (229,'A1158','PASTA LASTIC 90 X 155',101,4),
  (230,'79','PASTA MASA PRECESI X 750 GRS',393,4),
  (231,'A1112','PASTA MASA ZETALABOR X 2.6 KG.',277,4),
  (232,'A1154','PASTA MASA ZETAPLUS X 900 ML.',340,4),
  (233,'A1153','PASTA ORANWASH FLUIDA',229,4),
  (234,'A1168','PASTA PANASIL INITIAL POMO',355,4),
  (235,'88','PASTA PANASIL PUTTY GDE X900',251,4),
  (236,'A1157','PASTA PUTTY LASTIC X 582 ML.',298,4),
  (237,'A1167','PASTA PUTTY PANASIL',204,4),
  (238,'A1147','PASTA VENTURA IMPRESS P(MASA)',233,4),
  (239,'B1112','PASTA ZETALABOR X 900GRS',210,4),
  (240,'B1101','PIEDRA POMEZ X 1',370,6),
  (241,'A1149','PISTOLA ZERMACK',374,6),
  (242,'B1130','PLACA BASE X 10',107,6),
  (243,'B1103','RESIL AVIO P/REBASADO',125,6),
  (244,'B0505','SPEEDEX FLUIDA X 120 ML.',131,6),
  (245,'B0504','SPEEDEX MASA X 1 KG.',376,6),
  (246,'A1126','YESO DE IMPRESION XANTANO',460,5),
  (247,'C500','YESO DENSITA C/RESINA',174,5),
  (248,'393','YESO DENSITA VEL-MIX 1KG.',66,5),
  (249,'B393','YESO ELITE STONE 1 K. TIPO 4',492,5),
  (250,'B1126','YESO IMP. XANTANO',322,5),
  (251,'A1113','YESO TALLER',366,5),
  (252,'A1552','ARCO DE YOUNG PORTA GOMA DIGUE',455,11),
  (253,'A0855','AVIO MANUAL PROTAPER',149,11),
  (254,'B0831','C+FILE CATETERIZACION SURTIDO',426,11),
  (255,'412','CAJITA MINIENDO PARA LIMAS',199,11),
  (256,'B608','CEMENTO DE GROSSMAN DENSELL',35,11),
  (257,'A1422','CLAMP KERR HAWE C/U',482,11),
  (258,'B604','CLAMPS ECO.',60,11),
  (259,'B605','CLAMPS HU-FRIEDY C/U',254,11),
  (260,'A0853','CONDENSADOR BOER 1-4 MAILLEFER',440,11),
  (261,'B0602','CONOS ACCESORIOS DMG',328,1),
  (262,'317','CONOS DE GUTA MAILLEFER',349,1),
  (263,'185','CONOS DE GUTA SURE-ENDO/META',355,1),
  (264,'B0601','CONOS DE PAPEL DMG',31,1),
  (265,'A086','CONOS DENTSPLY',329,1),
  (266,'B086','CONOS GUTA PROTAPER',225,1),
  (267,'A0826','CUÑAS ELASTICAS',387,2),
  (268,'B0820','CUÑAS TRANSPARENTES',317,2),
  (269,'A0820','CUÑITAS DE MADERA DMG X 100',350,2),
  (270,'A0601','DENTIN CONDITIONER',19,11),
  (271,'B296','DEVITEX X 15 GR',16,11),
  (272,'236','DOSARSEN X 40 DICKINSON',80,11),
  (273,'39','DYCAL AUTOCURADO',49,11),
  (274,'124','EDTAC DICKINSON',331,11),
  (275,'291','ENDOPREP DENSELL',382,11),
  (276,'A0817','ENSAN. DE LARGO MAILLEFER C/U',124,11),
  (277,'A0835','ENSCH. DE LARGO O GATES C/U',149,11),
  (278,'B609','ESCAREADOR KERR',272,3),
  (279,'314','ESCAREADORES X 6 - 7/12 - 25 M',449,3),
  (280,'A0819','ESPACIADOR DIGITAL FINGER X 6',67,4),
  (281,'B602','ESPACIADOR Y ATACADOR DIGITAL',407,4),
  (282,'A0848','ESPACIDOR NIQUEL TITANIO MAILL',322,4),
  (283,'272','ESPIGA DE TITANIO FLEXI-FLANGE',282,11),
  (284,'127','EUCALIPTOL DICKINSON',37,11),
  (285,'A0809','FIL-PIN C/U TITANIO',299,11),
  (286,'B271','FLEXOFILE K GOLDEN MEDIUM',462,11),
  (287,'B612','GUTTA CONDENSER C/U',184,11),
  (288,'5','H. DE SODIO X 100 DICKINSON',338,11),
  (289,'315','HIDROXIDO DE CALCIO AVIO DICKI',101,11),
  (290,'126','IODOFORMO DICKINSON',156,11),
  (291,'B1363','JERINGA P/IRRIG. DE CONDUCTOS',116,11),
  (292,'A0816','LENTULOS MAILLEFER X 4.',431,11),
  (293,'268','LENTULOS X 4 U. BROACH 1/4',64,11),
  (294,'B168','LIFE KERR HIDROXIDO DE CALCIO',372,11),
  (295,'267','LIMA HEDFSTRON 7/12THOMAS/KERR',180,5),
  (296,'B603','LIMA TRIPLE FLEX 10/35 KERR',98,5),
  (297,'A0845','LIMAS H UNION BROACH 1/6 O IND',189,5),
  (298,'A0815','LIMAS HEDSTROM 1/3-1/6 X6',209,5),
  (299,'A0814','LIMAS HEDSTROM MAILLEFER 7/12',72,5),
  (300,'A0806','LIMAS K BEUR.1/6/ HED.Y THOMAS',319,5),
  (301,'A0802','LIMAS K BEURTELROK 10 X 21MM',426,5),
  (302,'A0804','LIMAS K BEURTELROK 20 X 21MM',112,5),
  (303,'A0843','LIMAS K UNION BROACH 1/6 INDIV',248,5),
  (304,'A0844','LIMAS K UNION BROACH 7/12 -0-0',14,5),
  (305,'A0812','LIMAS LISAS MAILLEFER 1/3-1/6-',257,5),
  (306,'A0813','LIMAS MAILLEFER 7/12-0-00X6',111,5),
  (307,'A0842','LIMAS MAILLEFER NITIFLEX NIQ-T',312,5),
  (308,'A1465','MANGO P/PERNOS DENTATUS',35,6),
  (309,'273','MANGO PARA FIL-PIN',169,6),
  (310,'A0847','MINI ENDO KIT DENSTPLY',179,11),
  (311,'464','MOMITRIX P/MOMIFICANTE',288,11),
  (312,'282','P.M.C.F.ALCANFORADO DICKINSON',369,11),
  (313,'131','PARAPOST FIBER LUX C/U T',324,11),
  (314,'A0822','PASTA ENDOFORM',280,7),
  (315,'296','PASTA LENT.REABS.DICKINSON',58,7),
  (316,'A2208','PERFORADOR GOMA DIQUE PAKISTAN',482,11),
  (317,'B610','PERNO MUÑON C/U',233,8),
  (318,'A602','PERNOS DAVIS',64,8),
  (319,'A0829','PERNOS DENTATUS X 12',84,8),
  (320,'A0865','PERNOS TENAX TITANIO C/U',488,8),
  (321,'B0805','POSTES FILPOST - FRESA',120,9),
  (322,'C0805','POSTES FILPOST C/U TITANIO',395,9),
  (323,'B0865','POSTES FORM AR',44,9),
  (324,'B0812','PROTAPER STARTER KIT 025',70,11),
  (325,'B1803','REGLA MILIMETRADA DIA-GP GAUGE',372,11),
  (326,'A1803','REGLITA MILIMETRADA DE ACERO',80,11),
  (327,'B131','TALADRO PARAPOST 1.14 1.25',401,11),
  (328,'A0825','TIRANERVIOS MAILLEFER',17,10),
  (329,'269','TIRANERVIOS U.BROACH MOYCO X 1',457,10),
  (330,'B0827','TOPES DE GOMA C/DISP. MAILLEFE',72,11),
  (331,'A0852','TORNILLOS DENTATUS TITANIO C/U',52,11),
  (332,'152','XILOL DICKINSON',305,11),
  (333,'96','CAJA DE RX OCLUSAL KODAK',304,4),
  (334,'A157','CLIPS P/RX SHARPYS',68,4),
  (335,'157','CLIPS P/RX.',179,4),
  (336,'90','FIJADOR ROMEK',152,3),
  (337,'A1200','PARRILLA X 14 P/ RADIOGRAFIA',47,4),
  (338,'A1206','PORTA PELICULAS DOBLES',220,1),
  (339,'A1208','PORTA PELICULAS PLASTICAS',454,1),
  (340,'A1207','PORTA PELICULAS SERIADAS',77,1),
  (341,'B702','PORTA PELICULAS SERIADAS',144,1),
  (342,'A702','PORTA PELICULAS TRANSPARENTE',491,1),
  (343,'C702','PORTA PELICULAS X 14',242,1),
  (344,'94','RADIOGRAFIAS KODAK DOBLES',36,2),
  (345,'95','RADIOGRAFIAS KODAK NIÑOS',116,2),
  (346,'91','REVELADOR RADIOGRAFICO ROMEK',262,3),
  (347,'C93','RX KODAK X 150 *E* SPEED',140,2),
  (348,'P93','RX PANORAMICA X 100',467,2),
  (349,'A1203','RX SUELTAS -DOBLES-',220,2),
  (350,'A1405','AGUJAS SUTURA X 10',179,23),
  (351,'B2204','ALGODONERO DE ACRILICO',388,23),
  (352,'A1564','APLICADOR DYCAL',307,23),
  (353,'B809','APLICADORES X 25',308,23),
  (354,'A1426','AROS DE COBRE IMPORTADOS C/U',117,23),
  (355,'A1519','ATACADOR DOBLE HELIOMOLAR COMP',1,1),
  (356,'A1829','ATACADOR MARKLEY LM',324,1),
  (357,'C1820','ATACADOR P/ COMP. FOTOPLUS AVI',336,1),
  (358,'B806','ATACADOR P/COMPOSITE NÑ 1 Y 2',326,1),
  (359,'A1572','ATACADORES DE GUTA X 4',430,1),
  (360,'741','BANDEJA PLASTICA COLOR',213,2),
  (361,'422','BANDEJAS LISAS Y ACANALADAS',56,2),
  (362,'A422','BANDEJAS P/APOYO DE INST.',281,2),
  (363,'A1576','BRUÑIDOR',257,23),
  (364,'B0007','CAJA ACERO 17 X 7 X 3',100,3),
  (365,'B0006','CAJA ACERO 25 X 12 X 6',143,3),
  (366,'B0005','CAJA DE ACERO 20 X 10 X 4',76,3),
  (367,'C422','CAJA DE ALUMINIO NICHROMINOX',127,3),
  (368,'C0007','CAJA PERF. 17X7X3CM.',276,3),
  (369,'446','CALIBRE IWASSON',167,23),
  (370,'A0863','CANISTER INSTRUMENT',272,23),
  (371,'A1805','CEPILLOS COPA IMPORTADO C/U',319,23),
  (372,'I0003','CINCEL P/IMPLANTES',263,23),
  (373,'B1578','CONTENEDOR P/ AMALGAMA',73,23),
  (374,'A1528','CUBETAS PERFORADAS MET.PLAS.',309,4),
  (375,'B1528','CUBETAS POLYBITE ARCO TOTAL',54,4),
  (376,'D1528','CUBETAS TRANSPARENTES',148,4),
  (377,'A1565','CUCHARITAS DE BLACK C/U',409,23),
  (378,'A0803','CUCHILLO PARA YESO',69,23),
  (379,'A1498','CURETA GRACEY 7/8 11/12 13/14',23,5),
  (380,'B1498','CURETA GRACEY COLOR',4,5),
  (381,'A1570','CURETA GRACEY ZEFFIRO',347,5),
  (382,'A1862','CURETA IMP6345-71 HU-FRIEDY',213,5),
  (383,'A1863','CURETA IMP6577SC HU-FRIEDY',121,5),
  (384,'B812','CURETA SHARPYS',328,5),
  (385,'MO120','CURETAS LUCAS P/ HUESO',171,5),
  (386,'A1566','CURETAS MOLT BELKYS',477,5),
  (387,'I0010','DESTORNILLADORES P/ TOR. TITAN',414,23),
  (388,'B1702','ELEV. BELKIS RECTO Y WINTER',44,23),
  (389,'A1511','EMPACADOR HILO ULTRADENT',361,23),
  (390,'A1569','ESP. LADO FRENTE WOODSON',145,6),
  (391,'A1820','ESPA. ESTHETIC O CONTAC AVIO',436,6),
  (392,'A1568','ESPACIADORES RECTOS Y CURVOS',476,6),
  (393,'B1529','ESPATULA P/COMPOSITE NAC.',419,7),
  (394,'B801','ESPATULA P/YESO PLASTICA',422,7),
  (395,'A1515','ESPATULA PARA CEMENTO DOBLE',324,7),
  (396,'A1516','ESPATULA PARA CERA CHICA',64,7),
  (397,'A1584','ESPATULA PARA CERA DMG',420,7),
  (398,'C1515','ESPATULA PARA IONOMERO',172,7),
  (399,'A1517','ESPATULA PARA YESO',244,7),
  (400,'B1820','ESPATULA ZINQUENOLICA',299,7),
  (401,'A1522','ESPEJO ESPADA C/AUMENTO',433,8),
  (402,'A1597','ESPEJOS NOVADENT',321,8),
  (403,'A1479','EXCAVADOR 65/66 HU-FRIEDY',116,9),
  (404,'B1479','EXCAVADOR BELKYS',448,9),
  (405,'I0004','EXPANSOR/COMPACTADOR P/IMPLANT',118,23),
  (406,'A1580','EXPLORADOR COLOR Y NÑ 23',392,10),
  (407,'B1826','EXPLORADOR P/ ODONTOPEDIATRIA',108,10),
  (408,'A1534','EXTRACTOR DE PUENTE A PESA',103,11),
  (409,'B1534','EXTRATOR DE PESAS BELKYS',53,11),
  (410,'B802','FORCEPS JUEGO X 10 BELKYS',95,12),
  (411,'A1712','FORCEPS PAKISTAN OPACO C/U',470,12),
  (412,'B143','FRESERO IMANTADO',39,23),
  (413,'A1530','INSTRUMENTOS PREMIUN',316,23),
  (414,'MO437','INTRUMENTO ROMEROWSKY',84,23),
  (415,'A1557','JERINGA CARPULE CROMADA',276,13),
  (416,'B1557','JERINGA CARPULE AUTO ASPIRANTE',287,13),
  (417,'C1529','KIT COMPOROLLER PARA COMPOSITE',11,23),
  (418,'A0801','LAMPARA DE ALCOHOL DE VIDRIO',419,23),
  (419,'97','LIMA P/HUESO AESCULAP',84,14),
  (420,'MO338','LIMA P/HUESO NACIONAL',136,14),
  (421,'C100','MANGO CON PUNTAS MORSE',205,15),
  (422,'A1535','MANGO P/ BISTURI NÑ 3 NACIO',241,15),
  (423,'A1573','MANGO P/ESP.OCTOGONAL SAGIMA',199,15),
  (424,'A1827','MANGO PARA ESPEJOS LM',176,15),
  (425,'B803','MANGOS P/ESPEJOS ANODIZADOS',79,15),
  (426,'A1594','MANGOS P/ESPEJOS COLOR ALUMINO',74,15),
  (427,'A1595','MANGOS P/ESPEJOS NOVADENT',53,15),
  (428,'C0801','MECHAS P/LAMPARA',42,23),
  (429,'A1451','MORTERO',83,23),
  (430,'A1495','OBTURADOR INST. MOD.HU-FRIEDY',478,16),
  (431,'MO380','OBTURADOR P/AMALGAMA CHICO',115,16),
  (432,'B1495','OBTURADORES P/AMALG. DOBLE',328,16),
  (433,'271','OPTRA SCULP REP. X 12',157,23),
  (434,'A741','ORGANIZADORES PLASTICOS',250,23),
  (435,'I0009','OSTEOTOMO REMOBIBLE',245,17),
  (436,'I0008','OSTEOTOMO X 6',47,17),
  (437,'A1408','PERIOSTOTOMO NOVADENT',158,23),
  (438,'A1450','PILON',394,23),
  (439,'A1558','PINZA GUBIA P/HUESO',394,18),
  (440,'722','PINZA KOCHER BELKYS',70,18),
  (441,'416','PINZA PARA ALGODON',388,18),
  (442,'B1540','PINZA PORTA AGUJA CASTROVIEJO',259,18),
  (443,'B804','PINZA PORTA CONOS',3,18),
  (444,'420','PINZA PORTA PAPEL ARTICULAR',295,18),
  (445,'A1540','PORTA AGUJAS',207,19),
  (446,'414','PORTA AMALGAMA BELKYS',203,19),
  (447,'A414','PORTA AMALGAMA DOBLE',310,19),
  (448,'B414','PORTA AMALGAMA MAQUIRA PLASTIC',417,19),
  (449,'A1554','PORTA MATRIZ SAGIMA',85,19),
  (450,'A0818','PORTA VASOS DAPPEN ACERO INOX.',154,19),
  (451,'100','PUNTA MORSE',303,23),
  (452,'A722','SEPARADOR DE FARABEUT',383,23),
  (453,'417','SINDESMOTOMO RECTO Y CURVO C/U',254,23),
  (454,'I0002','SONDA P/IMPLANTES',272,23),
  (455,'A1571','TALLADOR DE FRANK DOBLE',251,20),
  (456,'MO520','TALLADOR HALLEMBACK',240,20),
  (457,'A1586','TALLADOR LE CRON',143,20),
  (458,'B1586','TALLADOR PARA CERA',308,20),
  (459,'C0003','TAMBOR 12 X 10CM.',255,21),
  (460,'B0002','TAMBOR DE ACERO INOX. 16X12',20,21),
  (461,'A418','TAZA FLEXIBLE AUTOLIMP.',392,23),
  (462,'B1523','TIJERA CASTROVIEJO',65,22),
  (463,'A1807','TIJERA LITTAUER BELKYS',149,22),
  (464,'A1523','TIJERA P/ ENCIA D.M.G CURVA',338,22),
  (465,'A1822','TIJERA P/ENCIAS MARTIN IMPORTA',180,22),
  (466,'A1806','TIJERA PARA METAL CURVA',150,22),
  (467,'A1544','VASO CRUZ ROJA PLASTICO',395,23),
  (468,'C1599','ZEKRYA JET BURS',296,23),
  (469,'B1789','ACOPLES P/TURBINA',119,12),
  (470,'B1768','ACQUAFIT DUCHA PERSONAL',206,12),
  (471,'B0909','ALACENA',437,12),
  (472,'C1725','AUTOCLAVE FICOINOX 13.5 LT',415,12),
  (473,'A0900','BOMBA DE VACIO STARBAC',156,12),
  (474,'A1770','BULBO PARA SPECTRUM',86,12),
  (475,'B0919','CAJ.RODANTE/MOD.COMPU/FICHERO',117,12),
  (476,'E1789','CAVITADOR EVO TORQUE',11,12),
  (477,'E1703','COMPRESOR 1.5 HP.',314,1),
  (478,'A1703','COMPRESOR AT 1 HP.',233,1),
  (479,'C1703','COMPRESOR NARDI & HERRERO',163,1),
  (480,'A907','CONTRA ANGULO DENTFLEX',283,2),
  (481,'D1714','CONTRA ANGULO GNATUS',79,2),
  (482,'B1781','CONTRA ANGULO STRONG 1:1',205,2),
  (483,'A1780','CONTRANGULO GACELA SEDNA .',125,2),
  (484,'B1719','CONTRANGULO KAVO',234,2),
  (485,'B1707','DELANTAL PLOMADO C/CUELLO',114,12),
  (486,'A1758','ELECTROBISTURI PERFECT',434,12),
  (487,'A1701','ELEVADOR TENSION COMPRESOR',111,12),
  (488,'E1725','ESTERILIZADORA AUT. FAETA-EGEO',268,3),
  (489,'A1751','ESTERILIZADORA CUARZO DRILLCO',482,3),
  (490,'I1725','ESTERILIZADORA EGEO MINI',457,3),
  (491,'D1725','ESTERILIZADORA FAETA 6 BAND.',326,3),
  (492,'A1711','GABINETE P/REVELADO EGEO',497,4),
  (493,'A1734','GABINETE P/REVELAR PINTADO',221,4),
  (494,'B1746','GABINETE REVELADO ACERO',417,4),
  (495,'A1717','INSERTO PARA CAVIRADOR',291,12),
  (496,'A1726','JERINGA TRIPLE NAC. METALICA',214,12),
  (497,'A1472','JET PLUS APARATO BICARBONATO',137,12),
  (498,'A1767','JUEGO DE FORCEPS ALEMAN X 10',261,12),
  (499,'A1772','KIT DE BANDEJA AUXILIAR',338,12),
  (500,'A1792','KIT GACELA T-C-M-ACEITE-ACOPLE',65,12);
COMMIT;

#
# Data for the `productos` table  (LIMIT 402,500)
#

INSERT INTO `productos` (`idProducto`, `codProducto`, `nombre`, `stock`, `idSubcategoria`) VALUES

  (501,'A1714','KIT GNATUS TURBINA- CONTRAANGU',201,12),
  (502,'B1743','LAMPARA 3M ELIPAR 2500',374,5),
  (503,'B1754','LAMPARA BLUEPHASE LED',85,5),
  (504,'A1790','LAMPARA LED INALAMB. M.60 TPC',443,5),
  (505,'A910','LAMPARA LITEX HALOGENA',191,5),
  (506,'A1756','LAMPARA NOVALIGHT C/LED',210,5),
  (507,'F1744','LAMPARA SOL LIGHT MOD. 800B',187,5),
  (508,'A1743','LAMPARA SOLBECH MOD. 800 B',58,5),
  (509,'C1769','LAVADORA IOI',74,6),
  (510,'B1769','LAVADORA ULTRASONICA 700CC.',28,6),
  (511,'B1701','LUPAS GALILEO C/ LUZ',214,12),
  (512,'B911','MICRO BLUE ROCKET ENDO 2000',216,12),
  (513,'B910','MICRO.ELECT.BLUE ROCKET BR3000',482,12),
  (514,'B1787','MICROARENADOR',82,12),
  (515,'A900','MICRODRILL DRILLCO',344,12),
  (516,'A1781','MICROMOTOR DRILLCO M2 H35',65,7),
  (517,'A917','MICROMOTOR HAKUSUI',305,7),
  (518,'B912','MICROMOTOR M1 C/PIEZA DE MANO',401,7),
  (519,'B0901','MOD.DOS CUERPOS C/MULT.SIMPLE',299,8),
  (520,'C0919','MODULO DE 2 CUERPOS C/HUECO',415,8),
  (521,'B0912','MULTIF.SIMPLE',79,12),
  (522,'B0916','NEGATOSCOPIO CHAPA',460,12),
  (523,'132','PERILLA DE BAQUELITA',300,12),
  (524,'A1713','PIEZA DE MANO RECTA W&H',9,12),
  (525,'A1437','PINZA DE 2.3MM. DRILLCO P/TORN',119,12),
  (526,'B1772','PROPHY JET TPC',72,12),
  (527,'A1791','PUNTAS P/CAVITADOR NSK ULTRASO',149,12),
  (528,'B1753','RECORTADORA DE YESO C/BISAGRA',436,12),
  (529,'B920','RETEN DE DOS/TRES VIAS',239,12),
  (530,'A1550','SACAFRESAS GACELA-KMD',342,9),
  (531,'B1550','SACAFRESAS KAVO',291,9),
  (532,'A1753','TERMOFORMADORA SABILEX-EGEO',453,12),
  (533,'B1735','TORNO 1/8 COLG. ECO',475,10),
  (534,'A1771','TORNO DE MANO DRILLER',453,10),
  (535,'B1700','TURBINA DOCHEM PUSH BOTON',216,11),
  (536,'C1759','TURBINA EVO DELTA BUTTON',394,11),
  (537,'B1759','TURBINA EVO TORQUE BUTTON',33,11),
  (538,'C1761','TURBINA GACELA EVO MINI',418,11),
  (539,'B1742','TURBINA GACELA EVO QUARTZ',410,11),
  (540,'A1789','TURBINA GACELA EVO TORQUE',117,11),
  (541,'C1714','TURBINA GNATUS',131,11),
  (542,'A1759','TURBINA KAVO UNIK',462,11),
  (543,'B1761','TURBINA KMD MAXTORQUE',260,11),
  (544,'A1786','TURBINA NSK PANA-MAX',86,11),
  (545,'A1742','TURBINA TE-97 LED ALEGRA',112,11),
  (546,'A915','VIBRADOR DE YESO CHICO',390,12),
  (547,'A1768','WATER PICK DUCHA BUCAL',496,12),
  (548,'C1840','ADAPTADOR ALPHA F.G.',459,6),
  (549,'A1030','ADHESIVO DENSELL',128,6),
  (550,'A1076','AVIO COMPOSITE OPTIMIZE X 8 U.',490,6),
  (551,'356','CEPILLO BROCHA C/A IMPORTADO',45,1),
  (552,'C224','CEPILLO GAMUZA GENERO',15,1),
  (553,'B200','CEPILLO GUM X 4 UN.',77,1),
  (554,'204','CEPILLO LIMPIA FRESAS',87,1),
  (555,'C225','CEPILLO PELO DE CABRA',190,1),
  (556,'203','CEPILLOS GAMUZA/GENERO P/TORNO',257,1),
  (557,'B1804','DISCO SIERRA 1/4',178,2),
  (558,'B1009','DISCOS C/U/ P/ COMP.SUPERFIX',21,2),
  (559,'A1409','DISCOS CARBORUNDUM MOYCO 7/8',455,2),
  (560,'C1804','DISCOS DE ACERO C/U',98,2),
  (561,'A1804','DISCOS DE ACERO X 12 7/8 ALEM',218,2),
  (562,'A1441','DISCOS DE PAPEL X 10',191,2),
  (563,'B1001','DISCOS HAWE X 10 MINI FLEX',203,2),
  (564,'C1409','DISCOS IRROMP.',10,2),
  (565,'35','DISCOS P/PULIR COMP. X 40',306,2),
  (566,'A1454','DISCOS SOF-LEX POPON-XT X 30',430,2),
  (567,'C1009','DISCOS SUPERSNAP SHOFU AVIO',287,2),
  (568,'D1009','DISCOS SUPERSNAP SHOFU C/U',470,2),
  (569,'B223','FLAMEADOR DE PLASTICO',66,6),
  (570,'A1818','FRESA DE CARBURO DE 34MM. P/CA',500,3),
  (571,'A1841','FRESA JET BURS P/IMPLANTE P.M.',208,3),
  (572,'B1599','FRESA LN CA 006',413,3),
  (573,'B1582','FRESA TRANSMETAL MAILLEFER',6,3),
  (574,'A1599','FRESA ZEKRYA MAILLEFER-ENDOZ',404,3),
  (575,'B1840','FRESAS CIRUGIA DZ',237,3),
  (576,'A1840','FRESAS DE CARBURO DENSELL FG',69,3),
  (577,'A1589','FRESAS DOCE FILOS I SERIE',152,3),
  (578,'A1802','FRESAS JOTA P/TURBINA Y CONTRA',415,3),
  (579,'A1815','FRESAS MEISINGER P/C',420,3),
  (580,'A1541','FRESAS P/CIRUGIA LARGAS',449,3),
  (581,'A1582','FRESAS P/CORTAR METAL',255,3),
  (582,'A159','FRESAS P/CORTAR METAL MICROD.',199,3),
  (583,'B1592','FRESERO PLASTICO P/24 FRESAS',379,3),
  (584,'218','FRESON DE ACERO PIMPOLLO',475,3),
  (585,'B218','FRESON DE CARBURO DC',254,3),
  (586,'A2106','FRESONES 41P AL 33C Y 61A',59,3),
  (587,'A2105','FRESONES 84T AL 88A 84TG- 63BG',303,3),
  (588,'A2103','FRESONES 84TSP 88ASP',304,3),
  (589,'A2101','FRESONES D2 AL D8',345,3),
  (590,'C218','FRESONES DE ACERO FINOS C/U',50,3),
  (591,'C368','GOMA P/ PULIR ACRILICO DOCHEM',492,6),
  (592,'B1433','GOMAS C/SIRCONIO',151,6),
  (593,'B356','HILO DENTAL',292,6),
  (594,'221','MANDRILES C/A Y PM C/U IMPOR.',86,6),
  (595,'A2110','PERNOS DOWEL PIN MAIN STAY C/U',394,6),
  (596,'C1101','PIEDRA P/AFILAR TIBET',69,4),
  (597,'A1553','PIEDRAS DE ARKANSAS FG LLAMA/C',65,4),
  (598,'A1592','PIEDRAS DE DIAMANTE',261,4),
  (599,'A1816','PIEDRAS HORICO CLASE 4 RUEDAS',58,4),
  (600,'A1811','PIEDRAS HORICO CLASE I',262,4),
  (601,'A1812','PIEDRAS HORICO CLASE II',431,4),
  (602,'A1810','PIEDRAS HORICO FORMAS K',62,4),
  (603,'B368','PIEDRAS P/ PORCELANA FLEXILLIU',162,4),
  (604,'B100','PIEDRAS P/COMPOSITE',290,4),
  (605,'368','PIEDRAS P/PROTESIS',320,4),
  (606,'A368','PULIDOR MARRON P/ACRILICO',83,5),
  (607,'A1512','PULIDORES EVE COMPOSITE P/C.',185,5),
  (608,'B1512','PULIDORES KENDA C/U',53,5),
  (609,'C1512','PULIDORES P/ COMP. MANDRIL PLA',436,5),
  (610,'A1624','AMBO BLANCO COLOR',186,1),
  (611,'A1631','AMBO ECONOMICO CIRUGIA',26,1),
  (612,'A1632','AMBOS CELTA- ARCIEL',274,1),
  (613,'A1602','BLOCK FICHA DE USO PRIVADO',155,4),
  (614,'A1615','BONO AMARILLO SIST. CAPITADO',178,4),
  (615,'C243','CHAQUETA 243 C/CIERRE Y VIVOS',202,2),
  (616,'C249','CHAQUETA ARCIEL 249C/ BRODERI',280,2),
  (617,'C290','CHAQUETA BLANCA Y COLOR',189,2),
  (618,'A1630','CHAQUETA BROCHES',85,2),
  (619,'C488','CHAQUETA COMBINADA HOMBRE',478,2),
  (620,'A1622','CHAQUETA DAMA BLANCA',468,2),
  (621,'A1628','CHAQUETA DENTAL BAS',321,2),
  (622,'A1629','CHAQUETA ESTUDIANTIL',239,2),
  (623,'A1625','CHAQUETA HOMBRE BLANCA',217,2),
  (624,'A1627','CHAQUETA HOMBRE COLOR',36,2),
  (625,'A1609','FICHAS DE PREVENCION',445,4),
  (626,'A1601','FICHAS VERDES X 100',122,4),
  (627,'A1610','FORMULARIO DE ORTODONCIA',106,4),
  (628,'A1608','ORDENES DE RX.',26,4),
  (629,'C253','PANTALON CAPRI BLCO/N. 253',463,3),
  (630,'A1626','PANTALON COLOR HOMBRE',384,3),
  (631,'A1613','PERIODONCIA IOMA.',409,4),
  (632,'A1477','POSTERS O LAMINAS PREVENCION',299,4),
  (633,'A1607','RECETARIO',483,4),
  (634,'A1604','RESUMEN COMPUTACION',485,4),
  (635,'A120','ALCOHOL GEL X 1 LT.',287,4),
  (636,'A1339','BARRERA GINGIVAL OPALDAM X JER',402,4),
  (637,'A135','BLANQUEADOR POLANIGTH C/JER',277,4),
  (638,'C0904','BUCHES NAF',396,4),
  (639,'B1202','BUCHEX FORTE X 200 ML.',271,4),
  (640,'A1344','DECIDENT-SOBRE DESINF.P/TURB.',57,4),
  (641,'581','DESENSIBILIZANTE GEL DENSELL',445,4),
  (642,'A1307','DESIN. BACTER-BUR P/FRESAS',332,1),
  (643,'A1305','DESIN. MADACIDE 1 GALON OFERTA',399,1),
  (644,'A1321','DESIN. NOVACID P/FRESAS',111,1),
  (645,'A1309','DESIN. P/MANOS BIOCIDA X 500 M',465,1),
  (646,'24','DESIN. PARA ESPONJERO DICKINSO',477,1),
  (647,'A1324','DESIN.LIM.ENZI.1 L. DENSELL',106,1),
  (648,'A1343','DESINF. BIO-UC38 CONC. P/LAV.',295,1),
  (649,'A1358','DESINF. GLUTARCOAT A.S.',201,1),
  (650,'B1324','DESINF. LIMPIADOR X500 DENSELL',321,1),
  (651,'A121','DESINFECTANTE PROCIDE SPRAY',416,1),
  (652,'A1348','DET. ENZIMATICO X 1 LT.',385,2),
  (653,'B1301','DETECTOR DE CARIES',320,2),
  (654,'B1205','FLUORDENT SEMANAL COLUT. X 200',241,3),
  (655,'A0904','FLUORGEL NAF',283,3),
  (656,'A1316','FLUOROPLAT CARIOSTATICO',398,3),
  (657,'288','FORMALINA X 25 DICKINSON',263,4),
  (658,'409','FORMALINA X 50 DICKINSON',436,4),
  (659,'300','GASA IODOFORMADA DICKINSON',189,4),
  (660,'C1340','GERMIKILL GEL',328,4),
  (661,'A1323','HEMOSTATICO X 5 UN.',186,4),
  (662,'B1304','HILO P/RETRACCION GINGIVAL',259,4),
  (663,'A1445','INDICADOR DE CARIES KLEPP',99,2),
  (664,'C1350','JABON LIQUIDO BACTI BUSTER',120,4),
  (665,'A1434','LEVERFRESH DISPENSER',110,4),
  (666,'D1304','LIMPIADOR CAVIT',322,4),
  (667,'201','MANTAS P/ CERAMICAS',212,4),
  (668,'A26','NAFRESIM-P/SENSIBILIDAD',104,4),
  (669,'A1347','OPALEC. AMBULATORIO C/JER.',390,4),
  (670,'C142','OPALUSTRE P/MIC.ABRASION C/J',24,4),
  (671,'21','PASTA DE LIMPIEZA DENT BRILL',271,3),
  (672,'B123','PASTA DE PULIDO DIAM.ULTRADENT',36,3),
  (673,'C21','PASTA PARA LIMPEIZA KLEPP',471,3),
  (674,'B1201','PERIOBACTER AVIO BARNIZ',385,4),
  (675,'B1328','PERIOBACTER COLUTORIO',500,4),
  (676,'B1206','PLAC OUT X 200 ML.',86,4),
  (677,'299','QUITAMANCHAS DENTAL DICKINSON',250,3),
  (678,'A1328','REVELPLAC',380,4),
  (679,'B1207','SEBSIDENT COLUT. X 250 ML.',178,4),
  (680,'B1208','SENSIDENT PASTA DENTAL X 90GR.',156,4),
  (681,'151','SOLUC. HEMOS.GINGIVA X10 ML.',202,4),
  (682,'454','VASELINA SOLIDA',191,4),
  (683,'A1446','ABRE BOCA SPANDEX',22,1),
  (684,'A1448','ABREBOCA ARCFLEX FGM',223,1),
  (685,'C1446','ABREBOCA MAQUIRA',391,1),
  (686,'D1446','ABREBOCAS',298,1),
  (687,'F1446','ABREBOCAS OPEN-EX',417,1),
  (688,'215','ACEITE LUBR. KMD/GACELA SPRAY',486,14),
  (689,'B139','ALAMBRE DE LIGADURA',50,14),
  (690,'B1012','ANALOGOS BRONCE',272,14),
  (691,'423','ANILLOS IDENTIFICADORES X20',143,14),
  (692,'C1506','ANILLOS UNIMATRIX',341,14),
  (693,'A222','ARCOS P/SIERRA',455,14),
  (694,'A1353','AVIO CORONITAS DE ACETATO',150,14),
  (695,'D141','BICARBONATO KLEPP X 40GR.',430,14),
  (696,'A1336','BLANQUEADOR CONTRASTAM 1 PAC',135,2),
  (697,'B1355','BLANQUEADOR LASE PEROXIDE 35%',173,2),
  (698,'A1355','BLANQUEADOR POLA P/1 PACIENTE',65,2),
  (699,'B1336','BLANQUEADOR WHITEGOLD OFFICE',374,2),
  (700,'149','BUCAL BABY DOSIS CHUPETE C/D',488,3),
  (701,'C1318','BUCAL TAC BIO-CLEAN ADULTOS',71,3),
  (702,'C1310','BUCAL TAC CEPILLO UNIPENACHO',217,3),
  (703,'C1331','BUCAL TAC ENHEBRADOR P/ HILO',87,3),
  (704,'C1317','BUCAL TAC MANGO INTER.+ 2 REP.',195,3),
  (705,'C1323','BUCAL TAC MINT PALILLOS INT.',274,3),
  (706,'C1327','BUCAL TAC MINT PALILLOS X 100',183,3),
  (707,'C1326','BUCAL TAC PALILLOS COMBO X100',386,3),
  (708,'C1314','BUCAL TAC PERIO STICKS',35,3),
  (709,'C1307','BUCAL TAC- CEPILLO EVOLUTION',185,3),
  (710,'C1303','BUCAL TAC- CEPILLOS FLEXI-GRIP',281,3),
  (711,'C1304','BUCAL TAC- CINTA E HILO',312,3),
  (712,'C1306','BUCAL TAC-CEPILLO CLASIC',88,3),
  (713,'C1301','BUCAL TAC-CEPILLOS',327,3),
  (714,'C1305','BUCAL TAC-ORKET FLOSS',412,3),
  (715,'A240','CAPSULA DE PETRI',455,14),
  (716,'C1329','CEPILLO ORAL-B VITALITY',462,4),
  (717,'B1309','CEPILLO SANIFILL 26-39-47-KIDS',227,4),
  (718,'C1309','CEPILLOS INTERDENTALES SANIFIL',403,4),
  (719,'B1350','CLEAR VISION',45,14),
  (720,'D1350','CLEAR VISION REPUESTO',296,14),
  (721,'A1418','CORONITAS ACETATO INDIVIDUALES',57,5),
  (722,'A1402','CORONITAS DE POLICARBOXYLATO',321,5),
  (723,'A1414','CORONITAS FRASACO',222,5),
  (724,'C1302','CREMA DENTAL HEXIBEN',107,14),
  (725,'A1327','CREMA PARA MANOS BACTI BUSTER',44,14),
  (726,'P241','CUBETA IND. CELESTE .125',364,6),
  (727,'P242','CUBETA IND. CELESTE .150',157,6),
  (728,'50','CUBETAS P/TOPICACION EE.UU X 1',433,6),
  (729,'C1392','DADOS PORTA CEPILLO DENTAL',465,14),
  (730,'A1390','DENTADURAS SALTEADORAS',410,14),
  (731,'B122','DESINF. KLEPP P/INSTRUMENTAL',477,14),
  (732,'C1315','DESODORANTE BUCAL SPRAY',223,14),
  (733,'426','DETERGENTE ENZ.ANIOSYME',129,14),
  (734,'C1402','DIENTES BIOTONE/BIOCRIL',452,7),
  (735,'B1402','DIENTES SUPERLUX',128,7),
  (736,'B224','DIPLOMAS DEL BUEN PACIENTE',360,14),
  (737,'A1421','DISPENSADOR P/ROLLO ALGODON',296,14),
  (738,'A1507','ENDOFROST SPRAY ROEKONSEN AVIO',276,14),
  (739,'A1821','ESPEJO MUELA',184,14),
  (740,'C141','ESPONJAS REPUESTO',423,8),
  (741,'D142','ESPONJERO DE ACERO',312,8),
  (742,'A139','ESPONJERO ENDO DIADEN',184,8),
  (743,'A137','ESPONJERO MAILLEFER',148,8),
  (744,'A142','ESPONJERO VIDRIO P/ENDODONCIA',444,8),
  (745,'D143','FRESERO PLASTICO ECO',127,9),
  (746,'C143','FRESERO REDONDO P/60 FRESAS',437,9),
  (747,'C1592','FRESERO SUTIDO 21 PIEDRAS DIAM',138,9),
  (748,'B214','GAMUZA ALGADENT C/U',380,14),
  (749,'C1316','GEL DENTAL BUCAL TAC BLANQ.',165,14),
  (750,'C1313','GERMIKILL TOALLITAS INDIVIDUAL',141,14),
  (751,'A1447','GUIA DE COLORES CHROMASCOP',372,14),
  (752,'A1391','IMAN- RATON C/OREJAS Y COLA NE',54,14),
  (753,'10','LAPIZ TINTA FABER',497,14),
  (754,'A456','LENTES 3M 920 AF ANTIEMPAÑANTE',215,10),
  (755,'456','LENTES P/ PROTECCION TRANS. IM',157,10),
  (756,'B456','LENTES TRANSPARENTE PROTECCION',146,10),
  (757,'C456','LENTES UVEX GENESIS S340 ANTIE',243,10),
  (758,'B1323','LIQUIDO RETRACTOR GINGIVAL KLE',360,14),
  (759,'B241','LLAVERO MUELITA CHICO',175,14),
  (760,'C1300','MACROMODELO',334,14),
  (761,'A1574','MATRICES PREFORMADAS IVORY TOF',366,11),
  (762,'B1506','MATRICES X 5 UNIMATRIX',197,11),
  (763,'A1470','MATRIZ HAWE',300,11),
  (764,'A1481','MATRIZ STRIPROLL HAWEX 15M.',442,11),
  (765,'A1318','MEMBRANA FIBRA DE VIDRIO C/RES',173,14),
  (766,'A1313','MI PASTE KIT X 40 GRS. GC.',408,14),
  (767,'B242','MUELITA P/ NIÑOS',247,14),
  (768,'A1392','MUELITA PELOTA PORTA CEPILLO',385,14),
  (769,'A0001','MUÑECO PERRO',75,14),
  (770,'B219','OCLUSOR PLASTICO',134,14),
  (771,'A140','OPALESCENCE QUICK X 2 JER.',191,14),
  (772,'228','OXIDO DE ALUMINIO X 1 K.',443,14),
  (773,'A1424','PAPEL ART. HANEL C/HERR. AZUL',190,14),
  (774,'B1428','PAPEL ART. HERR. BECH HANEL',377,14),
  (775,'A1442','PAPEL ART. LIBRITO X 12 H.',166,14),
  (776,'B21','PASTA ALTO BRILLO',476,14),
  (777,'360','PASTA DENTAL HEXIBEN X 90 GRS.',253,14),
  (778,'A1310','PASTA DENTAL OPALESCENCE',297,14),
  (779,'A1308','PASTA PULIDO DIAMOND EXCEL',420,14),
  (780,'C215','PICO LUBRICADOR',143,14),
  (781,'C1013','PILAR RECTO',36,14),
  (782,'A1492','PINS P/DURALAY CAJA X 60',339,14),
  (783,'27','PINS STP P/RECONST. ANGULO',328,14),
  (784,'P236','PLACA BASE ROSA 0.60',396,12),
  (785,'P238','PLACA BASE ROSA 0.80',184,12),
  (786,'P220','PLACA MIORRELAJANTE DUAL',393,12),
  (787,'P119','PLACAS P/PROT. BUCAL 1.2',279,12),
  (788,'P119Y','PLACAS P/PROT. BUCAL COLOR',340,12),
  (789,'P114','PLACAS RESIL. 0.40',499,12),
  (790,'P215','PLACAS RESIL. P/TEMP 0.20',200,12),
  (791,'P118','PLACAS RESILIENTE 0.8',407,12),
  (792,'P226','PLACAS RIG. 060 SABILEX',467,12),
  (793,'P228','PLACAS RIG. 080 SABILEX',413,12),
  (794,'163','PORTA-FILM EMMENIX C/U',302,14),
  (795,'P818','PROFLEX LAMINA P/PROT. X 1',163,14),
  (796,'B1339','PROTECTOR GINGIVAL TOP DAM FGM',286,14),
  (797,'A1325','R.T.R OSEO EN FOSFATO TRICALCI',317,14),
  (798,'A1393','RATON TODO DE UN COLOR ECONOMI',344,14),
  (799,'B141','REC. DESCONT. P/FRESAS',188,14),
  (800,'A141','RECIPIENTE P/LIMP. C/TAPA',5,14),
  (801,'B1318','REDES DE NYLON C/U',268,14),
  (802,'36','REPLAK REV DE PLACA BACTERIANA',79,14),
  (803,'A1469','SIERRAS REPUESTO NEY C/U',389,14),
  (804,'B222','SIERRITAS REPUESTO P/ YESO',249,14),
  (805,'A136','SPRAY P/OCLUSION',351,14),
  (806,'B1013','TAPON CICATRIZAL',460,14),
  (807,'A1012','TEFLON PARA PROTESIS',23,14),
  (808,'B1370','TERMOMETRO',470,14),
  (809,'C1322','TOP BRUSH COVERS X4 CAPUCHONES',311,14),
  (810,'C1335','TOP BRUSH FLOSSERS PALILLO HIL',36,14),
  (811,'E1012','TORNILLO TRAB. TITANIO CUA.RED',61,14),
  (812,'A1013','TRANSFER CON TORNILLO .',472,14),
  (813,'C1012','UCLAS CALCINABLES',4,14),
  (814,'B240','VASO DE PRECIPITACION',483,14),
  (815,'240','VASOS DAPEN COLOR',462,13),
  (816,'A1545','VASOS DAPEN DESC.',429,13),
  (817,'A132','VASOS DAPEN FIXI-DAP 0',195,13),
  (818,'A1436','VASOS DAPPEN SILICONADO GDE.',348,13),
  (819,'B1306','VISCOSTAT C/U',360,14),
  (820,'B1303','WHITENESS HP 35% BLUE FGM.',159,14),
  (821,'B489','ZAPATOS HOMBRE 3035',154,14),
  (822,'C1489','ZAPATOS HOMBRE 3081/3482',452,14),
  (823,'A1350','ZOCALOS PVC X 3',447,14),
  (824,'B1455','ADAPTADOR DE BANDAS',387,14),
  (825,'C1416','ALAMBRE DE LIGADURA',103,1),
  (826,'B1448','ALAMBRE VARILLA REDONDO',17,1),
  (827,'B1419','ALAMBRE VARILLA TWIST',230,1),
  (828,'B1487','ALAMBRE X 50GRS. ORTOPEDIA',356,1),
  (829,'B1453','ALICATE CONT. ANGLE PTA. FINA',389,2),
  (830,'B1461','ALICATE DISA CORTE DISTAL',33,2),
  (831,'B1440','ALICATE HOW BELKYS',331,2),
  (832,'B01515','ALICATE SMOLKO CORTE DISTAL',75,2),
  (833,'B1438','ALICATE UNIVERSAL BELKYS',285,2),
  (834,'B1435','AMANBRE 1.2 MM. X 1 METRO',475,1),
  (835,'B1409','ARCO ACERO CUADRADO',295,3),
  (836,'B1408','ARCO ACERO REDONDO SUP.',211,3),
  (837,'B1442','ARCO C/POSTE LEONE C/U',204,3),
  (838,'B1437','ARCO COAXIAL BRAIDED',481,3),
  (839,'B1406','ARCO CURVA REVERSA REDONDO',287,3),
  (840,'B1410','ARCO NITI CUADRADO',473,3),
  (841,'B1411','ARCO NITI REDONDO',333,3),
  (842,'B1468','ARCO TERMO ACTIVABLE',437,3),
  (843,'B1472','BACKETS ONLY - ORGANIZERS',96,4),
  (844,'B1430','BANDAS MORELLI C/TUBO',213,5),
  (845,'D1430','BANDAS ONLYDENT C/T Y CAJA',388,5),
  (846,'C1430','BANDAS S/TUBO MORELLI',432,5),
  (847,'B1405','BARRA PALATINA MORELLI C/U',57,14),
  (848,'B1491','BOLSO PORTA ALICATE',428,14),
  (849,'B1423','BOTON MORELLI P/ADHERIR',358,6),
  (850,'B1443','BOTON P/ ADHERIR LINGUAL C/U',295,6),
  (851,'B1466','BOTON PARA CEMENTAR X10',267,6),
  (852,'B1483','BRAC. CERAM ONLYDENT X 12',142,4),
  (853,'B1484','BRAC. CERAM. ONLYDENT C/U',105,4),
  (854,'B1482','BRAC.CERAM. ONLYDENT X 6 C.A C',488,4),
  (855,'B1446','BRACKET C/HOOK X 10',132,4),
  (856,'B1470','BRACKET CERAMICO TRANSPAREGRAD',141,4),
  (857,'B1471','BRACKET CERAMICOS ONLY-BRACES',337,4),
  (858,'B1447','BRACKET DE ROTH S/HOOK X 10',86,4),
  (859,'B1444','BRACKET MORE/EDGEWISE X 10',350,4),
  (860,'B1404','BRACKET MORELLI T/EDGEWISE',290,4),
  (861,'B1400','BRACKET MORELLI T/ROTH EST.',232,4),
  (862,'B1403','BRACKET MORELLI T/ROTH MONOBLO',77,4),
  (863,'B1401','BRACKET MORELLI T/ROTH STANDAR',134,4),
  (864,'B1469','BRACKETS ROTH COMP.C/SLOT MET.',419,4),
  (865,'B1458','BRAQUETES ROTH ESPECIAL C/GANC',441,4),
  (866,'B1436','BRILLANTINA X 50 GR.',56,14),
  (867,'A1493','CAJA FLUORBOX P/ORTODONCIA',21,14),
  (868,'37','CAJA PARA BRACKETS',174,4),
  (869,'C1124','CERA ORTODONCIA',370,14),
  (870,'A1467','DISPENSADOR PELLETS VENTURA',66,14),
  (871,'B1452','ELASTICO CRISTAL ROLLO ORTHOTE',299,14),
  (872,'B1427','GOMA INTRAORAL C/BOLSITA',11,14),
  (873,'B1478','HILO ELASTICO TRANS.HUECO',287,14),
  (874,'A1301','JERINGAS DESC. P/LAVAJE',30,14),
  (875,'B1429','LIGADURA PARAGUITA',475,7),
  (876,'B1415','LIGADURA PEINE COLOR',416,7),
  (877,'B1456','MASCARA DELLAIRE LEONE',35,14),
  (878,'A1412','MATRICES PREMOL Y MOL C/U',206,14),
  (879,'B1481','MODULO DE ROTACION TRANS. X 10',122,14),
  (880,'B1771','MORDAZA P/ TORNO COLG. Y MANO',137,14),
  (881,'B1450','ORTHO ONE KIT TRIAL',85,14),
  (882,'B1463','ORTHO-ONE 15 ML. LIQUIDO',208,14),
  (883,'B1462','PINZA P/ BRACKETS',336,2),
  (884,'B1490','PINZA PORTA TUBOS',408,2),
  (885,'B2205','PORTA ALICATES ACRILICO',64,2),
  (886,'B1459','PORTA ELASTOMERO',364,14),
  (887,'B1432','RESORTE CERRADO DE 6-9-12MM.',138,8),
  (888,'B1417','RESORTE MORELLI ACERO',294,8),
  (889,'B1420','RESORTE MORELLI NITI',234,8),
  (890,'B1422','RESORTE NITI RB ORTODONTIC',46,8),
  (891,'B1449','SEPARADOR GOMA X100 POSTERIOR',129,9),
  (892,'B1477','SEPARADOR GOMAS X 10 POSTERIOR',279,9),
  (893,'B1416','SOLDADURA DE PLATA GDE. MORELL',175,10),
  (894,'B1414','SOLDADURA UNIVERSAL C/U',168,10),
  (895,'B1441','TORNILLO ESTANDAR A0805',288,11),
  (896,'B1486','TORNILLO STANDAR',327,11),
  (897,'B1445','TUBO P/ADHERIR ROTH X 5',436,12),
  (898,'B1425','TUBO SIMPLE PARA CEMENTAR',462,12),
  (899,'B1424','TUBO TRIPLE MORELLI SLOT 0.18',29,12),
  (900,'162','ZOCALO',317,13),
  (901,'B162','ZOCALO PLASTICO LEONE',7,13);
COMMIT;

#
# Data for the `ventas` table  (LIMIT 1,500)
#

INSERT INTO `ventas` (`idVenta`, `fecha`, `total`, `idCliente`, `idDescuento`) VALUES

  (10248,'2012-01-01 00:00:00',NULL,85,NULL),
  (10249,'2012-01-01 00:00:00',NULL,79,NULL),
  (10250,'2012-01-01 00:00:00',NULL,34,NULL),
  (10251,'2012-01-01 00:00:00',NULL,84,NULL),
  (10252,'2012-01-01 00:00:00',NULL,76,NULL),
  (10253,'2012-01-01 00:00:00',NULL,34,NULL),
  (10254,'2012-01-01 00:00:00',NULL,14,NULL),
  (10255,'2012-01-01 00:00:00',NULL,68,NULL),
  (10256,'2012-01-01 00:00:00',NULL,88,NULL),
  (10257,'2012-01-01 00:00:00',NULL,35,NULL),
  (10258,'2012-01-01 00:00:00',NULL,20,NULL),
  (10259,'2012-01-01 00:00:00',NULL,13,NULL),
  (10260,'2012-01-01 00:00:00',NULL,56,NULL),
  (10261,'2012-01-01 00:00:00',NULL,61,NULL),
  (10262,'2012-01-01 00:00:00',NULL,65,NULL),
  (10263,'2012-01-01 00:00:00',NULL,20,NULL),
  (10264,'2012-01-01 00:00:00',NULL,24,NULL),
  (10265,'2012-01-01 00:00:00',NULL,7,NULL),
  (10266,'2012-01-01 00:00:00',NULL,87,NULL),
  (10267,'2012-01-01 00:00:00',NULL,25,NULL),
  (10268,'2012-01-01 00:00:00',NULL,33,NULL),
  (10269,'2012-01-01 00:00:00',NULL,89,NULL),
  (10270,'2012-01-01 00:00:00',NULL,87,NULL),
  (10271,'2012-01-01 00:00:00',NULL,75,NULL),
  (10272,'2012-01-01 00:00:00',NULL,65,NULL),
  (10273,'2012-01-01 00:00:00',NULL,63,NULL),
  (10274,'2012-01-01 00:00:00',NULL,85,NULL),
  (10275,'2012-01-01 00:00:00',NULL,49,NULL),
  (10276,'2012-01-01 00:00:00',NULL,80,NULL),
  (10277,'2012-01-01 00:00:00',NULL,52,NULL),
  (10278,'2012-01-01 00:00:00',NULL,5,NULL),
  (10279,'2012-01-01 00:00:00',NULL,44,NULL),
  (10280,'2012-01-01 00:00:00',NULL,5,NULL),
  (10281,'2012-01-01 00:00:00',NULL,69,NULL),
  (10282,'2012-01-01 00:00:00',NULL,69,NULL),
  (10283,'2012-01-01 00:00:00',NULL,46,NULL),
  (10284,'2012-01-01 00:00:00',NULL,44,NULL),
  (10285,'2012-01-01 00:00:00',NULL,63,NULL),
  (10286,'2012-01-01 00:00:00',NULL,63,NULL),
  (10287,'2012-01-01 00:00:00',NULL,67,NULL),
  (10288,'2012-01-01 00:00:00',NULL,66,NULL),
  (10289,'2012-01-01 00:00:00',NULL,11,NULL),
  (10290,'2012-01-01 00:00:00',NULL,15,NULL),
  (10291,'2012-01-01 00:00:00',NULL,61,NULL),
  (10292,'2012-01-01 00:00:00',NULL,81,NULL),
  (10293,'2012-01-01 00:00:00',NULL,80,NULL),
  (10294,'2012-01-01 00:00:00',NULL,65,NULL),
  (10295,'2012-01-01 00:00:00',NULL,85,NULL),
  (10296,'2012-01-01 00:00:00',NULL,46,NULL),
  (10297,'2012-01-01 00:00:00',NULL,7,NULL),
  (10298,'2012-01-01 00:00:00',NULL,37,NULL),
  (10299,'2012-01-01 00:00:00',NULL,67,NULL),
  (10300,'2012-01-01 00:00:00',NULL,49,NULL),
  (10301,'2012-01-01 00:00:00',NULL,86,NULL),
  (10302,'2012-01-01 00:00:00',NULL,76,NULL),
  (10303,'2012-01-01 00:00:00',NULL,30,NULL),
  (10304,'2012-01-01 00:00:00',NULL,80,NULL),
  (10305,'2012-01-01 00:00:00',NULL,55,NULL),
  (10306,'2012-01-01 00:00:00',NULL,69,NULL),
  (10307,'2012-01-01 00:00:00',NULL,48,NULL),
  (10308,'2012-01-01 00:00:00',NULL,2,NULL),
  (10309,'2012-01-01 00:00:00',NULL,37,NULL),
  (10310,'2012-01-01 00:00:00',NULL,77,NULL),
  (10311,'2012-01-01 00:00:00',NULL,18,NULL),
  (10312,'2012-01-01 00:00:00',NULL,86,NULL),
  (10313,'2012-01-01 00:00:00',NULL,63,NULL),
  (10314,'2012-01-01 00:00:00',NULL,65,NULL),
  (10315,'2012-01-01 00:00:00',NULL,38,NULL),
  (10316,'2012-01-01 00:00:00',NULL,65,NULL),
  (10317,'2012-01-01 00:00:00',NULL,48,NULL),
  (10318,'2012-01-01 00:00:00',NULL,38,NULL),
  (10319,'2012-01-01 00:00:00',NULL,80,NULL),
  (10320,'2012-01-01 00:00:00',NULL,87,NULL),
  (10321,'2012-01-01 00:00:00',NULL,38,NULL),
  (10322,'2012-01-01 00:00:00',NULL,58,NULL),
  (10323,'2012-01-01 00:00:00',NULL,39,NULL),
  (10324,'2012-01-01 00:00:00',NULL,71,NULL),
  (10325,'2012-01-01 00:00:00',NULL,39,NULL),
  (10326,'2012-01-01 00:00:00',NULL,8,NULL),
  (10327,'2012-01-01 00:00:00',NULL,24,NULL),
  (10328,'2012-01-01 00:00:00',NULL,28,NULL),
  (10329,'2012-01-01 00:00:00',NULL,75,NULL),
  (10330,'2012-01-01 00:00:00',NULL,46,NULL),
  (10331,'2012-01-01 00:00:00',NULL,9,NULL),
  (10332,'2012-01-01 00:00:00',NULL,51,NULL),
  (10333,'2012-01-01 00:00:00',NULL,87,NULL),
  (10334,'2012-01-01 00:00:00',NULL,84,NULL),
  (10335,'2012-01-01 00:00:00',NULL,37,NULL),
  (10336,'2012-01-01 00:00:00',NULL,60,NULL),
  (10337,'2012-01-01 00:00:00',NULL,25,NULL),
  (10338,'2012-01-01 00:00:00',NULL,55,NULL),
  (10339,'2012-01-01 00:00:00',NULL,51,NULL),
  (10340,'2012-01-01 00:00:00',NULL,9,NULL),
  (10341,'2012-01-01 00:00:00',NULL,73,NULL),
  (10342,'2012-01-01 00:00:00',NULL,25,NULL),
  (10343,'2012-01-01 00:00:00',NULL,44,NULL),
  (10344,'2012-01-01 00:00:00',NULL,89,NULL),
  (10345,'2012-01-01 00:00:00',NULL,63,NULL),
  (10346,'2012-01-01 00:00:00',NULL,65,NULL),
  (10347,'2012-01-01 00:00:00',NULL,21,NULL),
  (10348,'2012-01-01 00:00:00',NULL,86,NULL),
  (10349,'2012-01-01 00:00:00',NULL,75,NULL),
  (10350,'2012-01-01 00:00:00',NULL,41,NULL),
  (10351,'2012-01-01 00:00:00',NULL,20,NULL),
  (10352,'2012-01-01 00:00:00',NULL,28,NULL),
  (10353,'2012-01-01 00:00:00',NULL,59,NULL),
  (10354,'2012-01-01 00:00:00',NULL,58,NULL),
  (10355,'2012-01-01 00:00:00',NULL,4,NULL),
  (10356,'2012-01-01 00:00:00',NULL,86,NULL),
  (10357,'2012-01-01 00:00:00',NULL,46,NULL),
  (10358,'2012-01-01 00:00:00',NULL,41,NULL),
  (10359,'2012-01-01 00:00:00',NULL,72,NULL),
  (10360,'2012-01-01 00:00:00',NULL,7,NULL),
  (10361,'2012-01-01 00:00:00',NULL,63,NULL),
  (10362,'2012-01-01 00:00:00',NULL,9,NULL),
  (10363,'2012-01-01 00:00:00',NULL,17,NULL),
  (10364,'2012-01-01 00:00:00',NULL,19,NULL),
  (10365,'2012-01-01 00:00:00',NULL,3,NULL),
  (10366,'2012-01-01 00:00:00',NULL,29,NULL),
  (10367,'2012-01-01 00:00:00',NULL,83,NULL),
  (10368,'2012-01-01 00:00:00',NULL,20,NULL),
  (10369,'2012-01-01 00:00:00',NULL,75,NULL),
  (10370,'2012-01-01 00:00:00',NULL,14,NULL),
  (10371,'2012-01-01 00:00:00',NULL,41,NULL),
  (10372,'2012-01-01 00:00:00',NULL,62,NULL),
  (10373,'2012-01-01 00:00:00',NULL,37,NULL),
  (10374,'2012-01-01 00:00:00',NULL,91,NULL),
  (10375,'2012-01-01 00:00:00',NULL,36,NULL),
  (10376,'2012-01-01 00:00:00',NULL,51,NULL),
  (10377,'2012-01-01 00:00:00',NULL,72,NULL),
  (10378,'2012-01-01 00:00:00',NULL,24,NULL),
  (10379,'2012-01-01 00:00:00',NULL,61,NULL),
  (10380,'2012-01-01 00:00:00',NULL,37,NULL),
  (10381,'2012-01-01 00:00:00',NULL,46,NULL),
  (10382,'2012-01-01 00:00:00',NULL,20,NULL),
  (10383,'2012-01-01 00:00:00',NULL,4,NULL),
  (10384,'2012-01-01 00:00:00',NULL,5,NULL),
  (10385,'2012-01-01 00:00:00',NULL,75,NULL),
  (10386,'2012-01-01 00:00:00',NULL,21,NULL),
  (10387,'2012-01-01 00:00:00',NULL,70,NULL),
  (10388,'2012-01-01 00:00:00',NULL,72,NULL),
  (10389,'2012-01-01 00:00:00',NULL,10,NULL),
  (10390,'2012-01-01 00:00:00',NULL,20,NULL),
  (10391,'2012-01-01 00:00:00',NULL,17,NULL),
  (10392,'2012-01-01 00:00:00',NULL,59,NULL),
  (10393,'2012-01-01 00:00:00',NULL,71,NULL),
  (10394,'2012-01-01 00:00:00',NULL,36,NULL),
  (10395,'2012-01-01 00:00:00',NULL,35,NULL),
  (10396,'2012-01-01 00:00:00',NULL,25,NULL),
  (10397,'2012-01-01 00:00:00',NULL,60,NULL),
  (10398,'2012-01-01 00:00:00',NULL,71,NULL),
  (10399,'2012-01-01 00:00:00',NULL,83,NULL),
  (10400,'2012-01-01 00:00:00',NULL,19,NULL),
  (10401,'2012-01-01 00:00:00',NULL,65,NULL),
  (10402,'2012-01-01 00:00:00',NULL,20,NULL),
  (10403,'2012-01-01 00:00:00',NULL,20,NULL),
  (10404,'2012-01-01 00:00:00',NULL,49,NULL),
  (10405,'2012-01-01 00:00:00',NULL,47,NULL),
  (10406,'2012-01-01 00:00:00',NULL,62,NULL),
  (10407,'2012-01-01 00:00:00',NULL,56,NULL),
  (10408,'2012-01-01 00:00:00',NULL,23,NULL),
  (10409,'2012-01-01 00:00:00',NULL,54,NULL),
  (10410,'2012-01-01 00:00:00',NULL,10,NULL),
  (10411,'2012-01-01 00:00:00',NULL,10,NULL),
  (10412,'2012-01-01 00:00:00',NULL,87,NULL),
  (10413,'2012-01-01 00:00:00',NULL,41,NULL),
  (10414,'2012-01-01 00:00:00',NULL,21,NULL),
  (10415,'2012-01-01 00:00:00',NULL,36,NULL),
  (10416,'2012-01-01 00:00:00',NULL,87,NULL),
  (10417,'2012-01-01 00:00:00',NULL,73,NULL),
  (10418,'2012-01-01 00:00:00',NULL,63,NULL),
  (10419,'2012-01-01 00:00:00',NULL,68,NULL),
  (10420,'2012-01-01 00:00:00',NULL,88,NULL),
  (10421,'2012-01-01 00:00:00',NULL,61,NULL),
  (10422,'2012-01-01 00:00:00',NULL,27,NULL),
  (10423,'2012-01-01 00:00:00',NULL,31,NULL),
  (10424,'2012-01-01 00:00:00',NULL,51,NULL),
  (10425,'2012-01-01 00:00:00',NULL,41,NULL),
  (10426,'2012-01-01 00:00:00',NULL,29,NULL),
  (10427,'2012-01-01 00:00:00',NULL,59,NULL),
  (10428,'2012-01-01 00:00:00',NULL,66,NULL),
  (10429,'2012-01-01 00:00:00',NULL,37,NULL),
  (10430,'2012-01-01 00:00:00',NULL,20,NULL),
  (10431,'2012-01-01 00:00:00',NULL,10,NULL),
  (10432,'2012-01-01 00:00:00',NULL,75,NULL),
  (10433,'2012-01-01 00:00:00',NULL,60,NULL),
  (10434,'2012-01-01 00:00:00',NULL,24,NULL),
  (10435,'2012-01-01 00:00:00',NULL,16,NULL),
  (10436,'2012-01-01 00:00:00',NULL,7,NULL),
  (10437,'2012-01-01 00:00:00',NULL,87,NULL),
  (10438,'2012-01-01 00:00:00',NULL,79,NULL),
  (10439,'2012-01-01 00:00:00',NULL,51,NULL),
  (10440,'2012-01-01 00:00:00',NULL,71,NULL),
  (10441,'2012-01-01 00:00:00',NULL,55,NULL),
  (10442,'2012-01-01 00:00:00',NULL,20,NULL),
  (10443,'2012-01-01 00:00:00',NULL,66,NULL),
  (10444,'2012-01-01 00:00:00',NULL,5,NULL),
  (10445,'2012-01-01 00:00:00',NULL,5,NULL),
  (10446,'2012-01-01 00:00:00',NULL,79,NULL),
  (10447,'2012-01-01 00:00:00',NULL,67,NULL),
  (10448,'2012-01-01 00:00:00',NULL,64,NULL),
  (10449,'2012-01-01 00:00:00',NULL,7,NULL),
  (10450,'2012-01-01 00:00:00',NULL,84,NULL),
  (10451,'2012-01-01 00:00:00',NULL,63,NULL),
  (10452,'2012-01-01 00:00:00',NULL,71,NULL),
  (10453,'2012-01-01 00:00:00',NULL,4,NULL),
  (10454,'2012-01-01 00:00:00',NULL,41,NULL),
  (10455,'2012-01-01 00:00:00',NULL,87,NULL),
  (10456,'2012-01-01 00:00:00',NULL,39,NULL),
  (10457,'2012-01-01 00:00:00',NULL,39,NULL),
  (10458,'2012-01-01 00:00:00',NULL,76,NULL),
  (10459,'2012-01-01 00:00:00',NULL,84,NULL),
  (10460,'2012-01-01 00:00:00',NULL,24,NULL),
  (10461,'2012-01-01 00:00:00',NULL,46,NULL),
  (10462,'2012-01-01 00:00:00',NULL,16,NULL),
  (10463,'2012-01-01 00:00:00',NULL,76,NULL),
  (10464,'2012-01-01 00:00:00',NULL,28,NULL),
  (10465,'2012-01-01 00:00:00',NULL,83,NULL),
  (10466,'2012-01-01 00:00:00',NULL,15,NULL),
  (10467,'2012-01-01 00:00:00',NULL,49,NULL),
  (10468,'2012-01-01 00:00:00',NULL,39,NULL),
  (10469,'2012-01-01 00:00:00',NULL,89,NULL),
  (10470,'2012-01-01 00:00:00',NULL,9,NULL),
  (10471,'2012-01-01 00:00:00',NULL,11,NULL),
  (10472,'2012-01-01 00:00:00',NULL,72,NULL),
  (10473,'2012-01-01 00:00:00',NULL,38,NULL),
  (10474,'2012-01-01 00:00:00',NULL,58,NULL),
  (10475,'2012-01-01 00:00:00',NULL,76,NULL),
  (10476,'2012-01-01 00:00:00',NULL,35,NULL),
  (10477,'2012-01-01 00:00:00',NULL,60,NULL),
  (10478,'2012-01-01 00:00:00',NULL,84,NULL),
  (10479,'2012-01-01 00:00:00',NULL,65,NULL),
  (10480,'2012-01-01 00:00:00',NULL,23,NULL),
  (10481,'2012-01-01 00:00:00',NULL,67,NULL),
  (10482,'2012-01-01 00:00:00',NULL,43,NULL),
  (10483,'2012-01-01 00:00:00',NULL,89,NULL),
  (10484,'2012-01-01 00:00:00',NULL,11,NULL),
  (10485,'2012-01-01 00:00:00',NULL,47,NULL),
  (10486,'2012-01-01 00:00:00',NULL,35,NULL),
  (10487,'2012-01-01 00:00:00',NULL,62,NULL),
  (10488,'2012-01-01 00:00:00',NULL,25,NULL),
  (10489,'2012-01-01 00:00:00',NULL,59,NULL),
  (10490,'2012-01-01 00:00:00',NULL,35,NULL),
  (10491,'2012-01-01 00:00:00',NULL,28,NULL),
  (10492,'2012-01-01 00:00:00',NULL,10,NULL),
  (10493,'2012-01-01 00:00:00',NULL,41,NULL),
  (10494,'2012-01-01 00:00:00',NULL,15,NULL),
  (10495,'2012-01-01 00:00:00',NULL,42,NULL),
  (10496,'2012-01-01 00:00:00',NULL,81,NULL),
  (10497,'2012-01-01 00:00:00',NULL,44,NULL),
  (10498,'2012-01-01 00:00:00',NULL,35,NULL),
  (10499,'2012-01-01 00:00:00',NULL,46,NULL),
  (10500,'2012-01-01 00:00:00',NULL,41,NULL),
  (10501,'2012-01-01 00:00:00',NULL,6,NULL),
  (10502,'2012-01-01 00:00:00',NULL,58,NULL),
  (10503,'2012-01-01 00:00:00',NULL,37,NULL),
  (10504,'2012-01-01 00:00:00',NULL,89,NULL),
  (10505,'2012-01-01 00:00:00',NULL,51,NULL),
  (10506,'2012-01-01 00:00:00',NULL,39,NULL),
  (10507,'2012-01-01 00:00:00',NULL,3,NULL),
  (10508,'2012-01-01 00:00:00',NULL,56,NULL),
  (10509,'2012-01-01 00:00:00',NULL,6,NULL),
  (10510,'2012-01-01 00:00:00',NULL,71,NULL),
  (10511,'2012-01-01 00:00:00',NULL,9,NULL),
  (10512,'2012-01-01 00:00:00',NULL,21,NULL),
  (10513,'2012-01-01 00:00:00',NULL,86,NULL),
  (10514,'2012-01-01 00:00:00',NULL,20,NULL),
  (10515,'2012-01-01 00:00:00',NULL,63,NULL),
  (10516,'2012-01-01 00:00:00',NULL,37,NULL),
  (10517,'2012-01-01 00:00:00',NULL,53,NULL),
  (10518,'2012-01-01 00:00:00',NULL,80,NULL),
  (10519,'2012-01-01 00:00:00',NULL,14,NULL),
  (10520,'2012-01-01 00:00:00',NULL,70,NULL),
  (10521,'2012-01-01 00:00:00',NULL,12,NULL),
  (10522,'2012-01-01 00:00:00',NULL,44,NULL),
  (10523,'2012-01-01 00:00:00',NULL,72,NULL),
  (10524,'2012-01-01 00:00:00',NULL,5,NULL),
  (10525,'2012-01-01 00:00:00',NULL,9,NULL),
  (10526,'2012-01-01 00:00:00',NULL,87,NULL),
  (10527,'2012-01-01 00:00:00',NULL,63,NULL),
  (10528,'2012-01-01 00:00:00',NULL,32,NULL),
  (10529,'2012-01-01 00:00:00',NULL,50,NULL),
  (10530,'2012-01-01 00:00:00',NULL,59,NULL),
  (10531,'2012-01-01 00:00:00',NULL,54,NULL),
  (10532,'2012-01-01 00:00:00',NULL,19,NULL),
  (10533,'2012-01-01 00:00:00',NULL,24,NULL),
  (10534,'2012-01-01 00:00:00',NULL,44,NULL),
  (10535,'2012-01-01 00:00:00',NULL,3,NULL),
  (10536,'2012-01-01 00:00:00',NULL,44,NULL),
  (10537,'2012-01-01 00:00:00',NULL,68,NULL),
  (10538,'2012-01-01 00:00:00',NULL,11,NULL),
  (10539,'2012-01-01 00:00:00',NULL,11,NULL),
  (10540,'2012-01-01 00:00:00',NULL,63,NULL),
  (10541,'2012-01-01 00:00:00',NULL,34,NULL),
  (10542,'2012-01-01 00:00:00',NULL,39,NULL),
  (10543,'2012-01-01 00:00:00',NULL,46,NULL),
  (10544,'2012-01-01 00:00:00',NULL,48,NULL),
  (10545,'2012-01-01 00:00:00',NULL,43,NULL),
  (10546,'2012-01-01 00:00:00',NULL,84,NULL),
  (10547,'2012-01-01 00:00:00',NULL,72,NULL),
  (10548,'2012-01-01 00:00:00',NULL,79,NULL),
  (10549,'2012-01-01 00:00:00',NULL,63,NULL),
  (10550,'2012-01-01 00:00:00',NULL,30,NULL),
  (10551,'2012-01-01 00:00:00',NULL,28,NULL),
  (10552,'2012-01-01 00:00:00',NULL,35,NULL),
  (10553,'2012-01-01 00:00:00',NULL,87,NULL),
  (10554,'2012-01-01 00:00:00',NULL,56,NULL),
  (10555,'2012-01-01 00:00:00',NULL,71,NULL),
  (10556,'2012-01-01 00:00:00',NULL,73,NULL),
  (10557,'2012-01-01 00:00:00',NULL,44,NULL),
  (10558,'2012-01-01 00:00:00',NULL,4,NULL),
  (10559,'2012-01-01 00:00:00',NULL,7,NULL),
  (10560,'2012-01-01 00:00:00',NULL,25,NULL),
  (10561,'2012-01-01 00:00:00',NULL,24,NULL),
  (10562,'2012-01-01 00:00:00',NULL,66,NULL),
  (10563,'2012-01-01 00:00:00',NULL,67,NULL),
  (10564,'2012-01-01 00:00:00',NULL,65,NULL),
  (10565,'2012-01-01 00:00:00',NULL,51,NULL),
  (10566,'2012-01-01 00:00:00',NULL,7,NULL),
  (10567,'2012-01-01 00:00:00',NULL,37,NULL),
  (10568,'2012-01-01 00:00:00',NULL,29,NULL),
  (10569,'2012-01-01 00:00:00',NULL,65,NULL),
  (10570,'2012-01-01 00:00:00',NULL,51,NULL),
  (10571,'2012-01-01 00:00:00',NULL,20,NULL),
  (10572,'2012-01-01 00:00:00',NULL,5,NULL),
  (10573,'2012-01-01 00:00:00',NULL,3,NULL),
  (10574,'2012-01-01 00:00:00',NULL,82,NULL),
  (10575,'2012-01-01 00:00:00',NULL,52,NULL),
  (10576,'2012-01-01 00:00:00',NULL,80,NULL),
  (10577,'2012-01-01 00:00:00',NULL,82,NULL),
  (10578,'2012-01-01 00:00:00',NULL,11,NULL),
  (10579,'2012-01-01 00:00:00',NULL,45,NULL),
  (10580,'2012-01-01 00:00:00',NULL,56,NULL),
  (10581,'2012-01-01 00:00:00',NULL,21,NULL),
  (10582,'2012-01-01 00:00:00',NULL,6,NULL),
  (10583,'2012-01-01 00:00:00',NULL,87,NULL),
  (10584,'2012-01-01 00:00:00',NULL,7,NULL),
  (10585,'2012-01-01 00:00:00',NULL,88,NULL),
  (10586,'2012-01-01 00:00:00',NULL,66,NULL),
  (10587,'2012-01-01 00:00:00',NULL,61,NULL),
  (10588,'2012-01-01 00:00:00',NULL,63,NULL),
  (10589,'2012-01-01 00:00:00',NULL,32,NULL),
  (10590,'2012-01-01 00:00:00',NULL,51,NULL),
  (10591,'2012-01-01 00:00:00',NULL,83,NULL),
  (10592,'2012-01-01 00:00:00',NULL,44,NULL),
  (10593,'2012-01-01 00:00:00',NULL,44,NULL),
  (10594,'2012-01-01 00:00:00',NULL,55,NULL),
  (10595,'2012-01-01 00:00:00',NULL,20,NULL),
  (10596,'2012-01-01 00:00:00',NULL,89,NULL),
  (10597,'2012-01-01 00:00:00',NULL,59,NULL),
  (10598,'2012-01-01 00:00:00',NULL,65,NULL),
  (10599,'2012-01-01 00:00:00',NULL,11,NULL),
  (10600,'2012-01-01 00:00:00',NULL,36,NULL),
  (10601,'2012-01-01 00:00:00',NULL,35,NULL),
  (10602,'2012-01-01 00:00:00',NULL,83,NULL),
  (10603,'2012-01-01 00:00:00',NULL,71,NULL),
  (10604,'2012-01-01 00:00:00',NULL,28,NULL),
  (10605,'2012-01-01 00:00:00',NULL,51,NULL),
  (10606,'2012-01-01 00:00:00',NULL,81,NULL),
  (10607,'2012-01-01 00:00:00',NULL,71,NULL),
  (10608,'2012-01-01 00:00:00',NULL,79,NULL),
  (10609,'2012-01-01 00:00:00',NULL,18,NULL),
  (10610,'2012-01-01 00:00:00',NULL,41,NULL),
  (10611,'2012-01-01 00:00:00',NULL,91,NULL),
  (10612,'2012-01-01 00:00:00',NULL,71,NULL),
  (10613,'2012-01-01 00:00:00',NULL,35,NULL),
  (10614,'2012-01-01 00:00:00',NULL,6,NULL),
  (10615,'2012-01-01 00:00:00',NULL,90,NULL),
  (10616,'2012-01-01 00:00:00',NULL,32,NULL),
  (10617,'2012-01-01 00:00:00',NULL,32,NULL),
  (10618,'2012-01-01 00:00:00',NULL,51,NULL),
  (10619,'2012-01-01 00:00:00',NULL,51,NULL),
  (10620,'2012-01-01 00:00:00',NULL,42,NULL),
  (10621,'2012-01-01 00:00:00',NULL,38,NULL),
  (10622,'2012-01-01 00:00:00',NULL,67,NULL),
  (10623,'2012-01-01 00:00:00',NULL,25,NULL),
  (10624,'2012-01-01 00:00:00',NULL,78,NULL),
  (10625,'2012-01-01 00:00:00',NULL,2,NULL),
  (10626,'2012-01-01 00:00:00',NULL,5,NULL),
  (10627,'2012-01-01 00:00:00',NULL,71,NULL),
  (10628,'2012-01-01 00:00:00',NULL,7,NULL),
  (10629,'2012-01-01 00:00:00',NULL,30,NULL),
  (10630,'2012-01-01 00:00:00',NULL,39,NULL),
  (10631,'2012-01-01 00:00:00',NULL,41,NULL),
  (10632,'2012-01-01 00:00:00',NULL,86,NULL),
  (10633,'2012-01-01 00:00:00',NULL,20,NULL),
  (10634,'2012-01-01 00:00:00',NULL,23,NULL),
  (10635,'2012-01-01 00:00:00',NULL,49,NULL),
  (10636,'2012-01-01 00:00:00',NULL,87,NULL),
  (10637,'2012-01-01 00:00:00',NULL,62,NULL),
  (10638,'2012-01-01 00:00:00',NULL,47,NULL),
  (10639,'2012-01-01 00:00:00',NULL,70,NULL),
  (10640,'2012-01-01 00:00:00',NULL,86,NULL),
  (10641,'2012-01-01 00:00:00',NULL,35,NULL),
  (10642,'2012-01-01 00:00:00',NULL,73,NULL),
  (10643,'2012-01-01 00:00:00',NULL,1,NULL),
  (10644,'2012-01-01 00:00:00',NULL,88,NULL),
  (10645,'2012-01-01 00:00:00',NULL,34,NULL),
  (10646,'2012-01-01 00:00:00',NULL,37,NULL),
  (10647,'2012-01-01 00:00:00',NULL,61,NULL),
  (10648,'2012-01-01 00:00:00',NULL,67,NULL),
  (10649,'2012-01-01 00:00:00',NULL,50,NULL),
  (10650,'2012-01-01 00:00:00',NULL,21,NULL),
  (10651,'2012-01-01 00:00:00',NULL,86,NULL),
  (10652,'2012-01-01 00:00:00',NULL,31,NULL),
  (10653,'2012-01-01 00:00:00',NULL,25,NULL),
  (10654,'2012-01-01 00:00:00',NULL,5,NULL),
  (10655,'2012-01-01 00:00:00',NULL,66,NULL),
  (10656,'2012-01-01 00:00:00',NULL,32,NULL),
  (10657,'2012-01-01 00:00:00',NULL,71,NULL),
  (10658,'2012-01-01 00:00:00',NULL,63,NULL),
  (10659,'2012-01-01 00:00:00',NULL,62,NULL),
  (10660,'2012-01-01 00:00:00',NULL,36,NULL),
  (10661,'2012-01-01 00:00:00',NULL,37,NULL),
  (10662,'2012-01-01 00:00:00',NULL,48,NULL),
  (10663,'2012-01-01 00:00:00',NULL,9,NULL),
  (10664,'2012-01-01 00:00:00',NULL,28,NULL),
  (10665,'2012-01-01 00:00:00',NULL,48,NULL),
  (10666,'2012-01-01 00:00:00',NULL,68,NULL),
  (10667,'2012-01-01 00:00:00',NULL,20,NULL),
  (10668,'2012-01-01 00:00:00',NULL,86,NULL),
  (10669,'2012-01-01 00:00:00',NULL,73,NULL),
  (10670,'2012-01-01 00:00:00',NULL,25,NULL),
  (10671,'2012-01-01 00:00:00',NULL,26,NULL),
  (10672,'2012-01-01 00:00:00',NULL,5,NULL),
  (10673,'2012-01-01 00:00:00',NULL,90,NULL),
  (10674,'2012-01-01 00:00:00',NULL,38,NULL),
  (10675,'2012-01-01 00:00:00',NULL,25,NULL),
  (10676,'2012-01-01 00:00:00',NULL,80,NULL),
  (10677,'2012-01-01 00:00:00',NULL,3,NULL),
  (10678,'2012-01-01 00:00:00',NULL,71,NULL),
  (10679,'2012-01-01 00:00:00',NULL,7,NULL),
  (10680,'2012-01-01 00:00:00',NULL,55,NULL),
  (10681,'2012-01-01 00:00:00',NULL,32,NULL),
  (10682,'2012-01-01 00:00:00',NULL,3,NULL),
  (10683,'2012-01-01 00:00:00',NULL,18,NULL),
  (10684,'2012-01-01 00:00:00',NULL,56,NULL),
  (10685,'2012-01-01 00:00:00',NULL,31,NULL),
  (10686,'2012-01-01 00:00:00',NULL,59,NULL),
  (10687,'2012-01-01 00:00:00',NULL,37,NULL),
  (10688,'2012-01-01 00:00:00',NULL,83,NULL),
  (10689,'2012-01-01 00:00:00',NULL,5,NULL),
  (10690,'2012-01-01 00:00:00',NULL,34,NULL),
  (10691,'2012-01-01 00:00:00',NULL,63,NULL),
  (10692,'2012-01-01 00:00:00',NULL,1,NULL),
  (10693,'2012-01-01 00:00:00',NULL,89,NULL),
  (10694,'2012-01-01 00:00:00',NULL,63,NULL),
  (10695,'2012-01-01 00:00:00',NULL,90,NULL),
  (10696,'2012-01-01 00:00:00',NULL,89,NULL),
  (10697,'2012-01-01 00:00:00',NULL,47,NULL),
  (10698,'2012-01-01 00:00:00',NULL,20,NULL),
  (10699,'2012-01-01 00:00:00',NULL,52,NULL),
  (10700,'2012-01-01 00:00:00',NULL,71,NULL),
  (10701,'2012-01-01 00:00:00',NULL,37,NULL),
  (10702,'2012-01-01 00:00:00',NULL,1,NULL),
  (10703,'2012-01-01 00:00:00',NULL,24,NULL),
  (10704,'2012-01-01 00:00:00',NULL,62,NULL),
  (10705,'2012-01-01 00:00:00',NULL,35,NULL),
  (10706,'2012-01-01 00:00:00',NULL,55,NULL),
  (10707,'2012-01-01 00:00:00',NULL,4,NULL),
  (10708,'2012-01-01 00:00:00',NULL,77,NULL),
  (10709,'2012-01-01 00:00:00',NULL,31,NULL),
  (10710,'2012-01-01 00:00:00',NULL,27,NULL),
  (10711,'2012-01-01 00:00:00',NULL,71,NULL),
  (10712,'2012-01-01 00:00:00',NULL,37,NULL),
  (10713,'2012-01-01 00:00:00',NULL,71,NULL),
  (10714,'2012-01-01 00:00:00',NULL,71,NULL),
  (10715,'2012-01-01 00:00:00',NULL,9,NULL),
  (10716,'2012-01-01 00:00:00',NULL,64,NULL),
  (10717,'2012-01-01 00:00:00',NULL,25,NULL),
  (10718,'2012-01-01 00:00:00',NULL,39,NULL),
  (10719,'2012-01-01 00:00:00',NULL,45,NULL),
  (10720,'2012-01-01 00:00:00',NULL,61,NULL),
  (10721,'2012-01-01 00:00:00',NULL,63,NULL),
  (10722,'2012-01-01 00:00:00',NULL,71,NULL),
  (10723,'2012-01-01 00:00:00',NULL,89,NULL),
  (10724,'2012-01-01 00:00:00',NULL,51,NULL),
  (10725,'2012-01-01 00:00:00',NULL,21,NULL),
  (10726,'2012-01-01 00:00:00',NULL,19,NULL),
  (10727,'2012-01-01 00:00:00',NULL,66,NULL),
  (10728,'2012-01-01 00:00:00',NULL,62,NULL),
  (10729,'2012-01-01 00:00:00',NULL,47,NULL),
  (10730,'2012-01-01 00:00:00',NULL,9,NULL),
  (10731,'2012-01-01 00:00:00',NULL,14,NULL),
  (10732,'2012-01-01 00:00:00',NULL,9,NULL),
  (10733,'2012-01-01 00:00:00',NULL,5,NULL),
  (10734,'2012-01-01 00:00:00',NULL,31,NULL),
  (10735,'2012-01-01 00:00:00',NULL,45,NULL),
  (10736,'2012-01-01 00:00:00',NULL,37,NULL),
  (10737,'2012-01-01 00:00:00',NULL,85,NULL),
  (10738,'2012-01-01 00:00:00',NULL,74,NULL),
  (10739,'2012-01-01 00:00:00',NULL,85,NULL),
  (10740,'2012-01-01 00:00:00',NULL,89,NULL),
  (10741,'2012-01-01 00:00:00',NULL,4,NULL),
  (10742,'2012-01-01 00:00:00',NULL,10,NULL),
  (10743,'2012-01-01 00:00:00',NULL,4,NULL),
  (10744,'2012-01-01 00:00:00',NULL,83,NULL),
  (10745,'2012-01-01 00:00:00',NULL,63,NULL),
  (10746,'2012-01-01 00:00:00',NULL,14,NULL),
  (10747,'2012-01-01 00:00:00',NULL,59,NULL);
COMMIT;

#
# Data for the `ventas` table  (LIMIT 331,500)
#

INSERT INTO `ventas` (`idVenta`, `fecha`, `total`, `idCliente`, `idDescuento`) VALUES

  (10748,'2012-01-01 00:00:00',NULL,71,NULL),
  (10749,'2012-01-01 00:00:00',NULL,38,NULL),
  (10750,'2012-01-01 00:00:00',NULL,87,NULL),
  (10751,'2012-01-01 00:00:00',NULL,68,NULL),
  (10752,'2012-01-01 00:00:00',NULL,53,NULL),
  (10753,'2012-01-01 00:00:00',NULL,27,NULL),
  (10754,'2012-01-01 00:00:00',NULL,49,NULL),
  (10755,'2012-01-01 00:00:00',NULL,9,NULL),
  (10756,'2012-01-01 00:00:00',NULL,75,NULL),
  (10757,'2012-01-01 00:00:00',NULL,71,NULL),
  (10758,'2012-01-01 00:00:00',NULL,68,NULL),
  (10759,'2012-01-01 00:00:00',NULL,2,NULL),
  (10760,'2012-01-01 00:00:00',NULL,50,NULL),
  (10761,'2012-01-01 00:00:00',NULL,65,NULL),
  (10762,'2012-01-01 00:00:00',NULL,24,NULL),
  (10763,'2012-01-01 00:00:00',NULL,23,NULL),
  (10764,'2012-01-01 00:00:00',NULL,20,NULL),
  (10765,'2012-01-01 00:00:00',NULL,63,NULL),
  (10766,'2012-01-01 00:00:00',NULL,56,NULL),
  (10767,'2012-01-01 00:00:00',NULL,76,NULL),
  (10768,'2012-01-01 00:00:00',NULL,4,NULL),
  (10769,'2012-01-01 00:00:00',NULL,83,NULL),
  (10770,'2012-01-01 00:00:00',NULL,34,NULL),
  (10771,'2012-01-01 00:00:00',NULL,20,NULL),
  (10772,'2012-01-01 00:00:00',NULL,44,NULL),
  (10773,'2012-01-01 00:00:00',NULL,20,NULL),
  (10774,'2012-01-01 00:00:00',NULL,24,NULL),
  (10775,'2012-01-01 00:00:00',NULL,78,NULL),
  (10776,'2012-01-01 00:00:00',NULL,20,NULL),
  (10777,'2012-01-01 00:00:00',NULL,31,NULL),
  (10778,'2012-01-01 00:00:00',NULL,5,NULL),
  (10779,'2012-01-01 00:00:00',NULL,52,NULL),
  (10780,'2012-01-01 00:00:00',NULL,46,NULL),
  (10781,'2012-01-01 00:00:00',NULL,87,NULL),
  (10782,'2012-01-01 00:00:00',NULL,12,NULL),
  (10783,'2012-01-01 00:00:00',NULL,34,NULL),
  (10784,'2012-01-01 00:00:00',NULL,49,NULL),
  (10785,'2012-01-01 00:00:00',NULL,33,NULL),
  (10786,'2012-01-01 00:00:00',NULL,62,NULL),
  (10787,'2012-01-01 00:00:00',NULL,41,NULL),
  (10788,'2012-01-01 00:00:00',NULL,63,NULL),
  (10789,'2012-01-01 00:00:00',NULL,23,NULL),
  (10790,'2012-01-01 00:00:00',NULL,31,NULL),
  (10791,'2012-01-01 00:00:00',NULL,25,NULL),
  (10792,'2012-01-01 00:00:00',NULL,91,NULL),
  (10793,'2012-01-01 00:00:00',NULL,4,NULL),
  (10794,'2012-01-01 00:00:00',NULL,61,NULL),
  (10795,'2012-01-01 00:00:00',NULL,20,NULL),
  (10796,'2012-01-01 00:00:00',NULL,35,NULL),
  (10797,'2012-01-01 00:00:00',NULL,17,NULL),
  (10798,'2012-01-01 00:00:00',NULL,38,NULL),
  (10799,'2012-01-01 00:00:00',NULL,39,NULL),
  (10800,'2012-01-01 00:00:00',NULL,72,NULL),
  (10801,'2012-01-01 00:00:00',NULL,8,NULL),
  (10802,'2012-01-01 00:00:00',NULL,73,NULL),
  (10803,'2012-01-01 00:00:00',NULL,88,NULL),
  (10804,'2012-01-01 00:00:00',NULL,72,NULL),
  (10805,'2012-01-01 00:00:00',NULL,77,NULL),
  (10806,'2012-01-01 00:00:00',NULL,84,NULL),
  (10807,'2012-01-01 00:00:00',NULL,27,NULL),
  (10808,'2012-01-01 00:00:00',NULL,55,NULL),
  (10809,'2012-01-01 00:00:00',NULL,88,NULL),
  (10810,'2012-01-01 00:00:00',NULL,42,NULL),
  (10811,'2012-01-01 00:00:00',NULL,47,NULL),
  (10812,'2012-01-01 00:00:00',NULL,66,NULL),
  (10813,'2012-01-01 00:00:00',NULL,67,NULL),
  (10814,'2012-01-01 00:00:00',NULL,84,NULL),
  (10815,'2012-01-01 00:00:00',NULL,71,NULL),
  (10816,'2012-01-01 00:00:00',NULL,32,NULL),
  (10817,'2012-01-01 00:00:00',NULL,39,NULL),
  (10818,'2012-01-01 00:00:00',NULL,49,NULL),
  (10819,'2012-01-01 00:00:00',NULL,12,NULL),
  (10820,'2012-01-01 00:00:00',NULL,65,NULL),
  (10821,'2012-01-01 00:00:00',NULL,75,NULL),
  (10822,'2012-01-01 00:00:00',NULL,82,NULL),
  (10823,'2012-01-01 00:00:00',NULL,46,NULL),
  (10824,'2012-01-01 00:00:00',NULL,24,NULL),
  (10825,'2012-01-01 00:00:00',NULL,17,NULL),
  (10826,'2012-01-01 00:00:00',NULL,7,NULL),
  (10827,'2012-01-01 00:00:00',NULL,9,NULL),
  (10828,'2012-01-01 00:00:00',NULL,64,NULL),
  (10829,'2012-01-01 00:00:00',NULL,38,NULL),
  (10830,'2012-01-01 00:00:00',NULL,81,NULL),
  (10831,'2012-01-01 00:00:00',NULL,70,NULL),
  (10832,'2012-01-01 00:00:00',NULL,41,NULL),
  (10833,'2012-01-01 00:00:00',NULL,56,NULL),
  (10834,'2012-01-01 00:00:00',NULL,81,NULL),
  (10835,'2012-01-01 00:00:00',NULL,1,NULL),
  (10836,'2012-01-01 00:00:00',NULL,20,NULL),
  (10837,'2012-01-01 00:00:00',NULL,5,NULL),
  (10838,'2012-01-01 00:00:00',NULL,47,NULL),
  (10839,'2012-01-01 00:00:00',NULL,81,NULL),
  (10840,'2012-01-01 00:00:00',NULL,47,NULL),
  (10841,'2012-01-01 00:00:00',NULL,76,NULL),
  (10842,'2012-01-01 00:00:00',NULL,80,NULL),
  (10843,'2012-01-01 00:00:00',NULL,84,NULL),
  (10844,'2012-01-01 00:00:00',NULL,59,NULL),
  (10845,'2012-01-01 00:00:00',NULL,63,NULL),
  (10846,'2012-01-01 00:00:00',NULL,76,NULL),
  (10847,'2012-01-01 00:00:00',NULL,71,NULL),
  (10848,'2012-01-01 00:00:00',NULL,16,NULL),
  (10849,'2012-01-01 00:00:00',NULL,39,NULL),
  (10850,'2012-01-01 00:00:00',NULL,84,NULL),
  (10851,'2012-01-01 00:00:00',NULL,67,NULL),
  (10852,'2012-01-01 00:00:00',NULL,65,NULL),
  (10853,'2012-01-01 00:00:00',NULL,6,NULL),
  (10854,'2012-01-01 00:00:00',NULL,20,NULL),
  (10855,'2012-01-01 00:00:00',NULL,55,NULL),
  (10856,'2012-01-01 00:00:00',NULL,3,NULL),
  (10857,'2012-01-01 00:00:00',NULL,5,NULL),
  (10858,'2012-01-01 00:00:00',NULL,40,NULL),
  (10859,'2012-01-01 00:00:00',NULL,25,NULL),
  (10860,'2012-01-01 00:00:00',NULL,26,NULL),
  (10861,'2012-01-01 00:00:00',NULL,89,NULL),
  (10862,'2012-01-01 00:00:00',NULL,44,NULL),
  (10863,'2012-01-01 00:00:00',NULL,35,NULL),
  (10864,'2012-01-01 00:00:00',NULL,4,NULL),
  (10865,'2012-01-01 00:00:00',NULL,63,NULL),
  (10866,'2012-01-01 00:00:00',NULL,5,NULL),
  (10867,'2012-01-01 00:00:00',NULL,48,NULL),
  (10868,'2012-01-01 00:00:00',NULL,62,NULL),
  (10869,'2012-01-01 00:00:00',NULL,72,NULL),
  (10870,'2012-01-01 00:00:00',NULL,91,NULL),
  (10871,'2012-01-01 00:00:00',NULL,9,NULL),
  (10872,'2012-01-01 00:00:00',NULL,30,NULL),
  (10873,'2012-01-01 00:00:00',NULL,90,NULL),
  (10874,'2012-01-01 00:00:00',NULL,30,NULL),
  (10875,'2012-01-01 00:00:00',NULL,5,NULL),
  (10876,'2012-01-01 00:00:00',NULL,9,NULL),
  (10877,'2012-01-01 00:00:00',NULL,67,NULL),
  (10878,'2012-01-01 00:00:00',NULL,63,NULL),
  (10879,'2012-01-01 00:00:00',NULL,90,NULL),
  (10880,'2012-01-01 00:00:00',NULL,24,NULL),
  (10881,'2012-01-01 00:00:00',NULL,12,NULL),
  (10882,'2012-01-01 00:00:00',NULL,71,NULL),
  (10883,'2012-01-01 00:00:00',NULL,48,NULL),
  (10884,'2012-01-01 00:00:00',NULL,45,NULL),
  (10885,'2012-01-01 00:00:00',NULL,76,NULL),
  (10886,'2012-01-01 00:00:00',NULL,34,NULL),
  (10887,'2012-01-01 00:00:00',NULL,29,NULL),
  (10888,'2012-01-01 00:00:00',NULL,30,NULL),
  (10889,'2012-01-01 00:00:00',NULL,65,NULL),
  (10890,'2012-01-01 00:00:00',NULL,18,NULL),
  (10891,'2012-01-01 00:00:00',NULL,44,NULL),
  (10892,'2012-01-01 00:00:00',NULL,50,NULL),
  (10893,'2012-01-01 00:00:00',NULL,39,NULL),
  (10894,'2012-01-01 00:00:00',NULL,71,NULL),
  (10895,'2012-01-01 00:00:00',NULL,20,NULL),
  (10896,'2012-01-01 00:00:00',NULL,50,NULL),
  (10897,'2012-01-01 00:00:00',NULL,37,NULL),
  (10898,'2012-01-01 00:00:00',NULL,54,NULL),
  (10899,'2012-01-01 00:00:00',NULL,46,NULL),
  (10900,'2012-01-01 00:00:00',NULL,88,NULL),
  (10901,'2012-01-01 00:00:00',NULL,35,NULL),
  (10902,'2012-01-01 00:00:00',NULL,24,NULL),
  (10903,'2012-01-01 00:00:00',NULL,34,NULL),
  (10904,'2012-01-01 00:00:00',NULL,89,NULL),
  (10905,'2012-01-01 00:00:00',NULL,88,NULL),
  (10906,'2012-01-01 00:00:00',NULL,91,NULL),
  (10907,'2012-01-01 00:00:00',NULL,74,NULL),
  (10908,'2012-01-01 00:00:00',NULL,66,NULL),
  (10909,'2012-01-01 00:00:00',NULL,70,NULL),
  (10910,'2012-01-01 00:00:00',NULL,90,NULL),
  (10911,'2012-01-01 00:00:00',NULL,30,NULL),
  (10912,'2012-01-01 00:00:00',NULL,37,NULL),
  (10913,'2012-01-01 00:00:00',NULL,62,NULL),
  (10914,'2012-01-01 00:00:00',NULL,62,NULL),
  (10915,'2012-01-01 00:00:00',NULL,80,NULL),
  (10916,'2012-01-01 00:00:00',NULL,64,NULL),
  (10917,'2012-01-01 00:00:00',NULL,69,NULL),
  (10918,'2012-01-01 00:00:00',NULL,10,NULL),
  (10919,'2012-01-01 00:00:00',NULL,47,NULL),
  (10920,'2012-01-01 00:00:00',NULL,4,NULL),
  (10921,'2012-01-01 00:00:00',NULL,83,NULL),
  (10922,'2012-01-01 00:00:00',NULL,34,NULL),
  (10923,'2012-01-01 00:00:00',NULL,41,NULL),
  (10924,'2012-01-01 00:00:00',NULL,5,NULL),
  (10925,'2012-01-01 00:00:00',NULL,34,NULL),
  (10926,'2012-01-01 00:00:00',NULL,2,NULL),
  (10927,'2012-01-01 00:00:00',NULL,40,NULL),
  (10928,'2012-01-01 00:00:00',NULL,29,NULL),
  (10929,'2012-01-01 00:00:00',NULL,25,NULL),
  (10930,'2012-01-01 00:00:00',NULL,76,NULL),
  (10931,'2012-01-01 00:00:00',NULL,68,NULL),
  (10932,'2012-01-01 00:00:00',NULL,9,NULL),
  (10933,'2012-01-01 00:00:00',NULL,38,NULL),
  (10934,'2012-01-01 00:00:00',NULL,44,NULL),
  (10935,'2012-01-01 00:00:00',NULL,88,NULL),
  (10936,'2012-01-01 00:00:00',NULL,32,NULL),
  (10937,'2012-01-01 00:00:00',NULL,12,NULL),
  (10938,'2012-01-01 00:00:00',NULL,63,NULL),
  (10939,'2012-01-01 00:00:00',NULL,49,NULL),
  (10940,'2012-01-01 00:00:00',NULL,9,NULL),
  (10941,'2012-01-01 00:00:00',NULL,71,NULL),
  (10942,'2012-01-01 00:00:00',NULL,66,NULL),
  (10943,'2012-01-01 00:00:00',NULL,11,NULL),
  (10944,'2012-01-01 00:00:00',NULL,10,NULL),
  (10945,'2012-01-01 00:00:00',NULL,52,NULL),
  (10946,'2012-01-01 00:00:00',NULL,83,NULL),
  (10947,'2012-01-01 00:00:00',NULL,11,NULL),
  (10948,'2012-01-01 00:00:00',NULL,30,NULL),
  (10949,'2012-01-01 00:00:00',NULL,10,NULL),
  (10950,'2012-01-01 00:00:00',NULL,49,NULL),
  (10951,'2012-01-01 00:00:00',NULL,68,NULL),
  (10952,'2012-01-01 00:00:00',NULL,1,NULL),
  (10953,'2012-01-01 00:00:00',NULL,4,NULL),
  (10954,'2012-01-01 00:00:00',NULL,47,NULL),
  (10955,'2012-01-01 00:00:00',NULL,24,NULL),
  (10956,'2012-01-01 00:00:00',NULL,6,NULL),
  (10957,'2012-01-01 00:00:00',NULL,35,NULL),
  (10958,'2012-01-01 00:00:00',NULL,54,NULL),
  (10959,'2012-01-01 00:00:00',NULL,31,NULL),
  (10960,'2012-01-01 00:00:00',NULL,35,NULL),
  (10961,'2012-01-01 00:00:00',NULL,62,NULL),
  (10962,'2012-01-01 00:00:00',NULL,63,NULL),
  (10963,'2012-01-01 00:00:00',NULL,28,NULL),
  (10964,'2012-01-01 00:00:00',NULL,74,NULL),
  (10965,'2012-01-01 00:00:00',NULL,55,NULL),
  (10966,'2012-01-01 00:00:00',NULL,14,NULL),
  (10967,'2012-01-01 00:00:00',NULL,79,NULL),
  (10968,'2012-01-01 00:00:00',NULL,20,NULL),
  (10969,'2012-01-01 00:00:00',NULL,15,NULL),
  (10970,'2012-01-01 00:00:00',NULL,8,NULL),
  (10971,'2012-01-01 00:00:00',NULL,26,NULL),
  (10972,'2012-01-01 00:00:00',NULL,40,NULL),
  (10973,'2012-01-01 00:00:00',NULL,40,NULL),
  (10974,'2012-01-01 00:00:00',NULL,75,NULL),
  (10975,'2012-01-01 00:00:00',NULL,10,NULL),
  (10976,'2012-01-01 00:00:00',NULL,35,NULL),
  (10977,'2012-01-01 00:00:00',NULL,24,NULL),
  (10978,'2012-01-01 00:00:00',NULL,50,NULL),
  (10979,'2012-01-01 00:00:00',NULL,20,NULL),
  (10980,'2012-01-01 00:00:00',NULL,24,NULL),
  (10981,'2012-01-01 00:00:00',NULL,34,NULL),
  (10982,'2012-01-01 00:00:00',NULL,10,NULL),
  (10983,'2012-01-01 00:00:00',NULL,71,NULL),
  (10984,'2012-01-01 00:00:00',NULL,71,NULL),
  (10985,'2012-01-01 00:00:00',NULL,37,NULL),
  (10986,'2012-01-01 00:00:00',NULL,54,NULL),
  (10987,'2012-01-01 00:00:00',NULL,19,NULL),
  (10988,'2012-01-01 00:00:00',NULL,65,NULL),
  (10989,'2012-01-01 00:00:00',NULL,61,NULL),
  (10990,'2012-01-01 00:00:00',NULL,20,NULL),
  (10991,'2012-01-01 00:00:00',NULL,63,NULL),
  (10992,'2012-01-01 00:00:00',NULL,77,NULL),
  (10993,'2012-01-01 00:00:00',NULL,24,NULL),
  (10994,'2012-01-01 00:00:00',NULL,83,NULL),
  (10995,'2012-01-01 00:00:00',NULL,58,NULL),
  (10996,'2012-01-01 00:00:00',NULL,63,NULL),
  (10997,'2012-01-01 00:00:00',NULL,46,NULL),
  (10998,'2012-01-01 00:00:00',NULL,91,NULL),
  (10999,'2012-01-01 00:00:00',NULL,56,NULL),
  (11000,'2012-01-01 00:00:00',NULL,65,NULL),
  (11001,'2012-01-01 00:00:00',NULL,24,NULL),
  (11002,'2012-01-01 00:00:00',NULL,71,NULL),
  (11003,'2012-01-01 00:00:00',NULL,78,NULL),
  (11004,'2012-01-01 00:00:00',NULL,50,NULL),
  (11005,'2012-01-01 00:00:00',NULL,90,NULL),
  (11006,'2012-01-01 00:00:00',NULL,32,NULL),
  (11007,'2012-01-01 00:00:00',NULL,60,NULL),
  (11008,'2012-01-01 00:00:00',NULL,20,NULL),
  (11009,'2012-01-01 00:00:00',NULL,30,NULL),
  (11010,'2012-01-01 00:00:00',NULL,66,NULL),
  (11011,'2012-01-01 00:00:00',NULL,1,NULL),
  (11012,'2012-01-01 00:00:00',NULL,25,NULL),
  (11013,'2012-01-01 00:00:00',NULL,69,NULL),
  (11014,'2012-01-01 00:00:00',NULL,47,NULL),
  (11015,'2012-01-01 00:00:00',NULL,70,NULL),
  (11016,'2012-01-01 00:00:00',NULL,4,NULL),
  (11017,'2012-01-01 00:00:00',NULL,20,NULL),
  (11018,'2012-01-01 00:00:00',NULL,48,NULL),
  (11019,'2012-01-01 00:00:00',NULL,64,NULL),
  (11020,'2012-01-01 00:00:00',NULL,56,NULL),
  (11021,'2012-01-01 00:00:00',NULL,63,NULL),
  (11022,'2012-01-01 00:00:00',NULL,34,NULL),
  (11023,'2012-01-01 00:00:00',NULL,11,NULL),
  (11024,'2012-01-01 00:00:00',NULL,19,NULL),
  (11025,'2012-01-01 00:00:00',NULL,87,NULL),
  (11026,'2012-01-01 00:00:00',NULL,27,NULL),
  (11027,'2012-01-01 00:00:00',NULL,10,NULL),
  (11028,'2012-01-01 00:00:00',NULL,39,NULL),
  (11029,'2012-01-01 00:00:00',NULL,14,NULL),
  (11030,'2012-01-01 00:00:00',NULL,71,NULL),
  (11031,'2012-01-01 00:00:00',NULL,71,NULL),
  (11032,'2012-01-01 00:00:00',NULL,89,NULL),
  (11033,'2012-01-01 00:00:00',NULL,68,NULL),
  (11034,'2012-01-01 00:00:00',NULL,55,NULL),
  (11035,'2012-01-01 00:00:00',NULL,76,NULL),
  (11036,'2012-01-01 00:00:00',NULL,17,NULL),
  (11037,'2012-01-01 00:00:00',NULL,30,NULL),
  (11038,'2012-01-01 00:00:00',NULL,76,NULL),
  (11039,'2012-01-01 00:00:00',NULL,47,NULL),
  (11040,'2012-01-01 00:00:00',NULL,32,NULL),
  (11041,'2012-01-01 00:00:00',NULL,14,NULL),
  (11042,'2012-01-01 00:00:00',NULL,15,NULL),
  (11043,'2012-01-01 00:00:00',NULL,74,NULL),
  (11044,'2012-01-01 00:00:00',NULL,91,NULL),
  (11045,'2012-01-01 00:00:00',NULL,10,NULL),
  (11046,'2012-01-01 00:00:00',NULL,86,NULL),
  (11047,'2012-01-01 00:00:00',NULL,19,NULL),
  (11048,'2012-01-01 00:00:00',NULL,10,NULL),
  (11049,'2012-01-01 00:00:00',NULL,31,NULL),
  (11050,'2012-01-01 00:00:00',NULL,24,NULL),
  (11051,'2012-01-01 00:00:00',NULL,41,NULL),
  (11052,'2012-01-01 00:00:00',NULL,34,NULL),
  (11053,'2012-01-01 00:00:00',NULL,59,NULL),
  (11054,'2012-01-01 00:00:00',NULL,12,NULL),
  (11055,'2012-01-01 00:00:00',NULL,35,NULL),
  (11056,'2012-01-01 00:00:00',NULL,19,NULL),
  (11057,'2012-01-01 00:00:00',NULL,53,NULL),
  (11058,'2012-01-01 00:00:00',NULL,6,NULL),
  (11059,'2012-01-01 00:00:00',NULL,67,NULL),
  (11060,'2012-01-01 00:00:00',NULL,27,NULL),
  (11061,'2012-01-01 00:00:00',NULL,32,NULL),
  (11062,'2012-01-01 00:00:00',NULL,66,NULL),
  (11063,'2012-01-01 00:00:00',NULL,37,NULL),
  (11064,'2012-01-01 00:00:00',NULL,71,NULL),
  (11065,'2012-01-01 00:00:00',NULL,46,NULL),
  (11066,'2012-01-01 00:00:00',NULL,89,NULL),
  (11067,'2012-01-01 00:00:00',NULL,17,NULL),
  (11068,'2012-01-01 00:00:00',NULL,62,NULL),
  (11069,'2012-01-01 00:00:00',NULL,80,NULL),
  (11070,'2012-01-01 00:00:00',NULL,44,NULL),
  (11071,'2012-01-01 00:00:00',NULL,46,NULL),
  (11072,'2012-01-01 00:00:00',NULL,20,NULL),
  (11073,'2012-01-01 00:00:00',NULL,58,NULL),
  (11074,'2012-01-01 00:00:00',NULL,73,NULL),
  (11075,'2012-01-01 00:00:00',NULL,68,NULL),
  (11076,'2012-01-01 00:00:00',NULL,9,NULL),
  (11077,'2012-01-01 00:00:00',NULL,65,NULL);
COMMIT;



/*!40101 SET CHARACTER_SET_CLIENT=@OLD_CHARACTER_SET_CLIENT */;
/*!40101 SET CHARACTER_SET_RESULTS=@OLD_CHARACTER_SET_RESULTS */;
/*!40101 SET COLLATION_CONNECTION=@OLD_COLLATION_CONNECTION */;